item_id,item_name,icon_url,category_name,fetched_at
2,ファイアシャード,,一般,2026-08-06T07:56:17Z
3,アイスシャード,,一般,2026-08-06T07:56:17Z
4,ウィンドシャード,,一般,2026-08-06T07:56:17Z
5,アースシャード,,一般,2026-08-06T07:56:17Z
6,ライトニングシャード,,一般,2026-08-06T07:56:17Z
7,ウォーターシャード,,一般,2026-08-06T07:56:17Z
8,ファイアクリスタル,,一般,2026-08-06T07:56:17Z
9,アイスクリスタル,,一般,2026-08-06T07:56:17Z
10,ウィンドクリスタル,,一般,2026-08-06T07:56:17Z
11,アースクリスタル,,一般,2026-08-06T07:56:17Z
12,ライトニングクリスタル,,一般,2026-08-06T07:56:17Z
13,ウォータークリスタル,,一般,2026-08-06T07:56:17Z
15,アイスクラスター,,一般,2026-08-06T07:56:17Z
16,ウィンドクラスター,,一般,2026-08-06T07:56:17Z
17,アースクラスター,,一般,2026-08-06T07:56:17Z
18,ライトニングクラスター,,一般,2026-08-06T07:56:17Z
1855,ミスリルランス,,一般,2026-08-06T07:56:17Z
1978,ウォーターワンド,,一般,2026-08-06T07:56:17Z
2000,エルムケーン,,一般,2026-08-06T07:56:17Z
2061,セプターDX,,一般,2026-08-06T07:56:17Z
2143,グリモア,,一般,2026-08-06T07:56:17Z
2151,ユーピカトリクス,,一般,2026-08-06T07:56:17Z
2228,ラウンドシールド,,一般,2026-08-06T07:56:17Z
2257,ブルホプロン,,一般,2026-08-06T07:56:17Z
2394,オーナメンタルハンマー,,一般,2026-08-06T07:56:17Z
2445,アマチュアニードル,,一般,2026-08-06T07:56:17Z
2449,ウォームファングニードル,,一般,2026-08-06T07:56:17Z
2474,スチールアレンビック,,一般,2026-08-06T07:56:17Z
2501,ホワイトスキレット,,一般,2026-08-06T07:56:17Z
2521,アマチュアピック,,一般,2026-08-06T07:56:17Z
2526,スチールピック,,一般,2026-08-06T07:56:17Z
2538,ノービスモール,,一般,2026-08-06T07:56:17Z
2547,アマチュアハチェット,,一般,2026-08-06T07:56:17Z
2585,ラグワーム,,一般,2026-08-06T07:56:17Z
2624,トップウォーターフロッグ,,一般,2026-08-06T07:56:17Z
2703,アッシュマスク(ラピスラズリ),,一般,2026-08-06T07:56:17Z
2728,シルバースペクタクルズ,,一般,2026-08-06T07:56:17Z
2731,シルバーマグニファイアーズ,,一般,2026-08-06T07:56:17Z
2763,ベルベティーンシュガーローフ,,一般,2026-08-06T07:56:17Z
2790,ミスリルサークレット(ルベライト),,一般,2026-08-06T07:56:17Z
2792,ミスリルサークレット(ジルコン),,一般,2026-08-06T07:56:17Z
2804,リネン・クラフターウェッジキャップ,,一般,2026-08-06T07:56:17Z
2837,フェルトギャザラーコイフ,,一般,2026-08-06T07:56:17Z
2995,ウェザードシェパードチュニック,,一般,2026-08-06T07:56:17Z
3043,アルドゴートジャケット,,一般,2026-08-06T07:56:17Z
3165,ペイストハーネス,,一般,2026-08-06T07:56:17Z
3191,ラプトルハーネス,,一般,2026-08-06T07:56:17Z
3241,ミリシアキュイラス,,一般,2026-08-06T07:56:17Z
3249,オペレーティブダルマティカ,,一般,2026-08-06T07:56:17Z
3317,ボトム,,一般,2026-08-06T07:56:17Z
3377,トードブリーチ,,一般,2026-08-06T07:56:17Z
3407,リネンガスキン,,一般,2026-08-06T07:56:17Z
3447,ラプトルサブリガ,,一般,2026-08-06T07:56:17Z
3515,ハーフグローブ,,一般,2026-08-06T07:56:17Z
3647,ウールハーフグローブ,,一般,2026-08-06T07:56:17Z
3698,パトリシアングローブ,,一般,2026-08-06T07:56:17Z
3771,ハードレザーシューズ,,一般,2026-08-06T07:56:17Z
3788,ダックビルDX,,一般,2026-08-06T07:56:17Z
3810,アルドゴートギャザラークラコー,,一般,2026-08-06T07:56:17Z
3870,オークパッテン,,一般,2026-08-06T07:56:17Z
4113,マラカイトブレスレット,,一般,2026-08-06T07:56:17Z
4214,サンイヤリング,,一般,2026-08-06T07:56:17Z
4222,フローライトイヤリング,,一般,2026-08-06T07:56:17Z
4311,ファングネックレス,,一般,2026-08-06T07:56:17Z
4337,ウルフファングネックレス,,一般,2026-08-06T07:56:17Z
4421,ボーンリング,,一般,2026-08-06T07:56:17Z
4476,アメジストリング,,一般,2026-08-06T07:56:17Z
4497,エレクトラムリング,,一般,2026-08-06T07:56:17Z
4640,ドードーのグリル,,一般,2026-08-06T07:56:17Z
4650,ボイルドエッグ,,一般,2026-08-06T07:56:17Z
4699,プレッツェル,,一般,2026-08-06T07:56:17Z
4733,ペストリーフィッシュ,,一般,2026-08-06T07:56:17Z
4766,アルドゴートの肩ロース,,一般,2026-08-06T07:56:17Z
4782,ラノシアレタス,,一般,2026-08-06T07:56:17Z
4810,フェアリーアップル,,一般,2026-08-06T07:56:17Z
4812,ピクシープラム,,一般,2026-08-06T07:56:17Z
4848,メープルシュガー,,一般,2026-08-06T07:56:17Z
4868,ギサールの野菜,,一般,2026-08-06T07:56:17Z
4882,リムレーンズダガー,,一般,2026-08-06T07:56:17Z
4955,ウォームトラウト,,一般,2026-08-06T07:56:17Z
5059,コバルトインゴット,,一般,2026-08-06T07:56:17Z
5060,ダークスチールインゴット,,一般,2026-08-06T07:56:17Z
5061,ダークスチールナゲット,,一般,2026-08-06T07:56:17Z
5064,シルバーインゴット,,一般,2026-08-06T07:56:17Z
5066,エレクトラムインゴット,,一般,2026-08-06T07:56:17Z
5067,ローズゴールドインゴット,,一般,2026-08-06T07:56:17Z
5068,ローズゴールドナゲット,,一般,2026-08-06T07:56:17Z
5074,コバルトプレート,,一般,2026-08-06T07:56:17Z
5075,ダークスチールプレート,,一般,2026-08-06T07:56:17Z
5110,亜鉛鉱,,一般,2026-08-06T07:56:17Z
5116,鏡鉄鉱,,一般,2026-08-06T07:56:17Z
5118,金鉱,,一般,2026-08-06T07:56:17Z
5120,白金鉱,,一般,2026-08-06T07:56:17Z
5126,大龍黒曜石,,一般,2026-08-06T07:56:17Z
5141,ジルコン原石,,一般,2026-08-06T07:56:17Z
5170,ダンビュライト,,一般,2026-08-06T07:56:17Z
5174,ラピスラズリ,,一般,2026-08-06T07:56:17Z
5190,トパーズ,,一般,2026-08-06T07:56:17Z
5206,ブラッディペブル,,一般,2026-08-06T07:56:17Z
5288,ヒッポグリフレザー,,一般,2026-08-06T07:56:17Z
5300,ギガントードの粗皮,,一般,2026-08-06T07:56:17Z
5328,羅紗,,一般,2026-08-06T07:56:17Z
5336,亜麻糸,,一般,2026-08-06T07:56:17Z
5346,亜麻,,一般,2026-08-06T07:56:17Z
5359,チョコボの羽根,,一般,2026-08-06T07:56:17Z
5365,バンブー材,,一般,2026-08-06T07:56:17Z
5371,ウォルナット材,,一般,2026-08-06T07:56:17Z
5372,パイン材,,一般,2026-08-06T07:56:17Z
5379,硬化スプルース材,,一般,2026-08-06T07:56:17Z
5396,メープルの枝,,一般,2026-08-06T07:56:17Z
5414,ローズウッドの枝,,一般,2026-08-06T07:56:17Z
5435,アンテロープの角,,一般,2026-08-06T07:56:17Z
5472,グロースフォーミュラ・ガンマ,,一般,2026-08-06T07:56:17Z
5476,アイアンエンチャントインク,,一般,2026-08-06T07:56:17Z
5477,シルバーエンチャントインク,,一般,2026-08-06T07:56:17Z
5482,フィッシュオイル,,一般,2026-08-06T07:56:17Z
5484,クラブオイル,,一般,2026-08-06T07:56:17Z
5486,シャークオイル,,一般,2026-08-06T07:56:17Z
5491,ソーダ水,,一般,2026-08-06T07:56:17Z
5506,黒にかわ,,一般,2026-08-06T07:56:17Z
5510,ラバー,,一般,2026-08-06T07:56:17Z
5530,コークス,,一般,2026-08-06T07:56:17Z
5532,樹液塊,,一般,2026-08-06T07:56:17Z
5545,トリリウム,,一般,2026-08-06T07:56:17Z
5546,トリリウムの球根,,一般,2026-08-06T07:56:17Z
5555,オチューのつる,,一般,2026-08-06T07:56:17Z
5558,プリンの肉,,一般,2026-08-06T07:56:17Z
5584,革膝当(ヒッポグリフ),,一般,2026-08-06T07:56:17Z
5604,剛力のマテリア,,一般,2026-08-06T07:56:17Z
5629,信力のマテリア,,一般,2026-08-06T07:56:17Z
5630,信力のマテリラ,,一般,2026-08-06T07:56:17Z
5631,信力のマテリダ,,一般,2026-08-06T07:56:17Z
5632,信力のマテリガ,,一般,2026-08-06T07:56:17Z
5664,天眼のマテリア,,一般,2026-08-06T07:56:17Z
5665,天眼のマテリラ,,一般,2026-08-06T07:56:17Z
5667,天眼のマテリガ,,一般,2026-08-06T07:56:17Z
5669,武略のマテリア,,一般,2026-08-06T07:56:17Z
5671,武略のマテリダ,,一般,2026-08-06T07:56:17Z
5673,武略のマテリジャ,,一般,2026-08-06T07:56:17Z
5674,雄略のマテリア,,一般,2026-08-06T07:56:17Z
5676,雄略のマテリダ,,一般,2026-08-06T07:56:17Z
5678,雄略のマテリジャ,,一般,2026-08-06T07:56:17Z
5692,博識のマテリガ,,一般,2026-08-06T07:56:17Z
5693,博識のマテリジャ,,一般,2026-08-06T07:56:17Z
5698,器識のマテリジャ,,一般,2026-08-06T07:56:17Z
5713,巨匠のマテリジャ,,一般,2026-08-06T07:56:17Z
5714,戦技のマテリア,,一般,2026-08-06T07:56:17Z
5718,戦技のマテリジャ,,一般,2026-08-06T07:56:17Z
6003,タイニーボム,,一般,2026-08-06T07:56:17Z
6141,コーディアル,,一般,2026-08-06T07:56:17Z
6161,嵐神ガルーダの羽根,,一般,2026-08-06T07:56:17Z
6174,タイニースクウィレル,,一般,2026-08-06T07:56:17Z
6187,ベイビーバット,,一般,2026-08-06T07:56:17Z
6200,マメット・ゴート,,一般,2026-08-06T07:56:17Z
6385,シュラウド・ストーンコテージ・ウォール,,一般,2026-08-06T07:56:17Z
6418,ザナラーン・クラシックドア,,一般,2026-08-06T07:56:17Z
6452,ザナラーン・ウッドウォール,,一般,2026-08-06T07:56:17Z
6475,モグレターポスト,,一般,2026-08-06T07:56:17Z
6524,シュラウド・ベンチ,,一般,2026-08-06T07:56:17Z
6527,ウルダハン・ベンチチェスト,,一般,2026-08-06T07:56:17Z
6534,ザナラーン・カウチ,,一般,2026-08-06T07:56:17Z
6548,ウッドキャビネット,,一般,2026-08-06T07:56:17Z
6559,カンパニーチェスト,,一般,2026-08-06T07:56:17Z
6603,シュラウド・ラウンドテーブル,,一般,2026-08-06T07:56:17Z
6655,ドリンキングアプカル,,一般,2026-08-06T07:56:17Z
6692,古ぼけた地図G5,,一般,2026-08-06T07:56:17Z
6980,ハイランドミトン,,一般,2026-08-06T07:56:17Z
7008,御影石,,一般,2026-08-06T07:56:17Z
7022,スチールフィッティング,,一般,2026-08-06T07:56:17Z
7029,ラノシアの苗,,一般,2026-08-06T07:56:17Z
7032,ロータスリーフ,,一般,2026-08-06T07:56:17Z
7037,アムダプールの石材,,一般,2026-08-06T07:56:17Z
7044,オシャレなボタン,,一般,2026-08-06T07:56:17Z
7046,切削油,,一般,2026-08-06T07:56:17Z
7047,磨りガラス板,,一般,2026-08-06T07:56:17Z
7064,リテイナーベル,,一般,2026-08-06T07:56:17Z
7100,投射システム,,一般,2026-08-06T07:56:17Z
7107,ドラグーンピース,,一般,2026-08-06T07:56:17Z
7158,対竜要塞の木材,,一般,2026-08-06T07:56:17Z
7484,ヘヴィウォルフラムサバトン,,一般,2026-08-06T07:56:17Z
7500,ソーリアンレンジャーグローブ,,一般,2026-08-06T07:56:17Z
7547,ライトスチールサブリガ,,一般,2026-08-06T07:56:17Z
7548,タフタショール,,一般,2026-08-06T07:56:17Z
7559,ふかふかクッション,,一般,2026-08-06T07:56:17Z
7588,鉄重石,,一般,2026-08-06T07:56:17Z
7590,緋樹液,,一般,2026-08-06T07:56:17Z
7598,アブダルラジクの霊砂,,一般,2026-08-06T07:56:17Z
7601,金剛砂,,一般,2026-08-06T07:56:17Z
7671,クリアプリズム,,一般,2026-08-06T07:56:17Z
7763,シュラウドソイルG3,,一般,2026-08-06T07:56:17Z
7906,フィンガーズ,,一般,2026-08-06T07:56:17Z
7958,ラノシアン・ウォールシェルフ,,一般,2026-08-06T07:56:17Z
7963,フルーツフレーバー・ドリンクセット,,一般,2026-08-06T07:56:17Z
7970,ウォールプランター,,一般,2026-08-06T07:56:17Z
7975,ドラセナの鉢植,,一般,2026-08-06T07:56:17Z
7976,天球儀,,一般,2026-08-06T07:56:17Z
7998,ステップストーン,,一般,2026-08-06T07:56:17Z
8048,ウィザードアタイアの補材,,一般,2026-08-06T07:56:17Z
8049,ヒーラーアタイアの補材,,一般,2026-08-06T07:56:17Z
8145,鍛人のデミマテリア,,一般,2026-08-06T07:56:17Z
8147,鍛人のデミマテリダ,,一般,2026-08-06T07:56:17Z
8149,工匠のデミマテリラ,,一般,2026-08-06T07:56:17Z
8150,工匠のデミマテリダ,,一般,2026-08-06T07:56:17Z
8156,隠された地図G1,,一般,2026-08-06T07:56:17Z
8160,バルの果実,,一般,2026-08-06T07:56:17Z
8161,オ・ゴモロの果実,,一般,2026-08-06T07:56:17Z
8162,シェルダレーの果実,,一般,2026-08-06T07:56:17Z
8165,カラッカの野菜,,一般,2026-08-06T07:56:17Z
8166,サベネアの野菜,,一般,2026-08-06T07:56:17Z
8183,サベネアの種,,一般,2026-08-06T07:56:17Z
8184,オニオンプリンスの種,,一般,2026-08-06T07:56:17Z
8193,エッグナイト,,一般,2026-08-06T07:56:17Z
8202,ナッツイーター,,一般,2026-08-06T07:56:17Z
8290,アイオライトチョーカー,,一般,2026-08-06T07:56:17Z
8456,ソーリアンストライカーシャツRE,,一般,2026-08-06T07:56:17Z
8540,パールローゼル・ストローキャペリン,,一般,2026-08-06T07:56:17Z
8557,クレセントコーンキャップ,,一般,2026-08-06T07:56:17Z
8559,クレセントガウン,,一般,2026-08-06T07:56:17Z
8561,クレセントスリッパ,,一般,2026-08-06T07:56:17Z
8783,シャワースタンド,,一般,2026-08-06T07:56:17Z
8790,ストーンストーブ,,一般,2026-08-06T07:56:17Z
8795,ザナラーン・オープンシェルフ,,一般,2026-08-06T07:56:17Z
8816,ラージボックスプランター,,一般,2026-08-06T07:56:17Z
8820,シュラウド・ランプポスト,,一般,2026-08-06T07:56:17Z
8841,幻想薬[リテイナー],,一般,2026-08-06T07:56:17Z
9053,キリムコート,,一般,2026-08-06T07:56:17Z
9063,アラクネローブ,,一般,2026-08-06T07:56:17Z
9284,ベストマンスラックス,,一般,2026-08-06T07:56:17Z
9292,エンペラーズ・ニューネックレス,,一般,2026-08-06T07:56:17Z
9294,エンペラーズ・ニューブレスレット,,一般,2026-08-06T07:56:17Z
9295,エンペラーズ・ニューリング,,一般,2026-08-06T07:56:17Z
9300,アーティザンミトン,,一般,2026-08-06T07:56:17Z
9304,フォリジャーリストガード,,一般,2026-08-06T07:56:17Z
9349,リトルマミー,,一般,2026-08-06T07:56:17Z
9359,プラチナナゲット,,一般,2026-08-06T07:56:17Z
9360,プラチナインゴット,,一般,2026-08-06T07:56:17Z
9376,アラグの魔触媒,,一般,2026-08-06T07:56:17Z
9518,サイプレス原木,,一般,2026-08-06T07:56:17Z
9521,ベラフディアンシルバー,,一般,2026-08-06T07:56:17Z
9717,松盆栽,,一般,2026-08-06T07:56:17Z
9719,オリエンタル・バスタブ,,一般,2026-08-06T07:56:17Z
9734,オーク・ロウバレルプランター,,一般,2026-08-06T07:56:17Z
9737,ナルザルオーダー・ポディウム,,一般,2026-08-06T07:56:17Z
10034,エンペラーズ・ニューグローブ,,一般,2026-08-06T07:56:17Z
10035,エンペラーズ・ニューブリーチ,,一般,2026-08-06T07:56:17Z
10036,エンペラーズ・ニューブーツ,,一般,2026-08-06T07:56:17Z
10091,ワイルドバナナの苗,,一般,2026-08-06T07:56:17Z
10092,黒石灰岩,,一般,2026-08-06T07:56:17Z
10097,ヤフェームの野草,,一般,2026-08-06T07:56:17Z
10156,ブロンコ級船体,,一般,2026-08-06T07:56:17Z
10335,ダークマタークラスター,,一般,2026-08-06T07:56:17Z
10373,魔導機械修理材,,一般,2026-08-06T07:56:17Z
10386,ダークマターG6,,一般,2026-08-06T07:56:17Z
10387,サベネアンターバン,,一般,2026-08-06T07:56:17Z
10388,サベネアンボレロ,,一般,2026-08-06T07:56:17Z
10389,サベネアングローブ,,一般,2026-08-06T07:56:17Z
10390,サベネアンサルエル,,一般,2026-08-06T07:56:17Z
10391,サベネアンバブーシュ,,一般,2026-08-06T07:56:17Z
10392,サベネアンヘッドドレス,,一般,2026-08-06T07:56:17Z
10393,サベネアンビスチェ,,一般,2026-08-06T07:56:17Z
10396,サベネアンサンダル,,一般,2026-08-06T07:56:17Z
10526,ミスリルスターグローブ,,一般,2026-08-06T07:56:17Z
10591,アダマンウィングレット,,一般,2026-08-06T07:56:17Z
10611,ホーリーシーダー・コンポジットボウ,,一般,2026-08-06T07:56:17Z
10641,オブシディアンロングポール,,一般,2026-08-06T07:56:17Z
10677,ミスライトディフェンダーホーバーク,,一般,2026-08-06T07:56:17Z
10703,キマイラフェルト・ディフェンダーブリーチ,,一般,2026-08-06T07:56:17Z
10786,キマイラフェルト・ストライカーホーズ,,一般,2026-08-06T07:56:17Z
10788,グリフィンストライカーブレー,,一般,2026-08-06T07:56:17Z
10796,レインボークロス・レンジャーキャップ,,一般,2026-08-06T07:56:17Z
10844,グリフィンスカウト・トライコーン,,一般,2026-08-06T07:56:17Z
11026,ハードシルバー・レンジャーイヤリング,,一般,2026-08-06T07:56:17Z
11046,オーラムレギス・ヒーラーブレスレット,,一般,2026-08-06T07:56:17Z
11877,チタンランプハンマー,,一般,2026-08-06T07:56:17Z
12024,ドラゴンレザーチョーカー,,一般,2026-08-06T07:56:17Z
12051,ミニマムアトモス,,一般,2026-08-06T07:56:17Z
12052,オウレット,,一般,2026-08-06T07:56:17Z
12084,イシュガルディアン・ウッドチェア,,一般,2026-08-06T07:56:17Z
12095,シュラウド・ハーフパーティション,,一般,2026-08-06T07:56:17Z
12096,ザナラーン・ハーフパーティション,,一般,2026-08-06T07:56:17Z
12109,スタールビーオルゴール,,一般,2026-08-06T07:56:17Z
12114,スタンディングサインボード,,一般,2026-08-06T07:56:17Z
12220,赤モコ草,,一般,2026-08-06T07:56:17Z
12224,藍鉄鉱,,一般,2026-08-06T07:56:17Z
12233,ハイアラガンキメラレザー,,一般,2026-08-06T07:56:17Z
12241,古ぼけた地図G6,,一般,2026-08-06T07:56:17Z
12531,精霊銀砂,,一般,2026-08-06T07:56:17Z
12532,硬銀砂,,一般,2026-08-06T07:56:17Z
12538,アダマン鉱,,一般,2026-08-06T07:56:17Z
12543,アゲート,,一般,2026-08-06T07:56:17Z
12551,ラリマール原石,,一般,2026-08-06T07:56:17Z
12567,グリフィンレザー,,一般,2026-08-06T07:56:17Z
12579,バーチ原木,,一般,2026-08-06T07:56:17Z
12583,バーチ材,,一般,2026-08-06T07:56:17Z
12591,聖麻布,,一般,2026-08-06T07:56:17Z
12594,虹糸,,一般,2026-08-06T07:56:17Z
12596,クロウラーの絹糸,,一般,2026-08-06T07:56:17Z
12601,ミスライトエンチャントインク,,一般,2026-08-06T07:56:17Z
12610,クリスタルガラス,,一般,2026-08-06T07:56:17Z
12631,ドラヴァニア天然水,,一般,2026-08-06T07:56:17Z
12635,ジェラートの肉,,一般,2026-08-06T07:56:17Z
12645,サベネアンレザー,,一般,2026-08-06T07:56:17Z
12646,サベネアンシルク,,一般,2026-08-06T07:56:17Z
12658,ダスクレザー,,一般,2026-08-06T07:56:17Z
12768,ホワイトオスカー,,一般,2026-08-06T07:56:17Z
12795,夕空珊瑚,,一般,2026-08-06T07:56:17Z
12843,フローズンカクテル,,一般,2026-08-06T07:56:17Z
12851,レバーケースゼンメル,,一般,2026-08-06T07:56:17Z
12868,スタッフドキャベイジ,,一般,2026-08-06T07:56:17Z
12880,ハイランド小麦,,一般,2026-08-06T07:56:17Z
12884,チャイブ,,一般,2026-08-06T07:56:17Z
12887,セサミ,,一般,2026-08-06T07:56:17Z
12888,ヤクの乳,,一般,2026-08-06T07:56:17Z
12895,発酵バター,,一般,2026-08-06T07:56:17Z
12896,オールドワールドフィグ,,一般,2026-08-06T07:56:17Z
12901,アバラシア岩塩,,一般,2026-08-06T07:56:17Z
12905,固形ブイヨン,,一般,2026-08-06T07:56:17Z
12908,ヴァーミセリ,,一般,2026-08-06T07:56:17Z
13001,シバルリー・ヒーラーダブレット,,一般,2026-08-06T07:56:17Z
13061,美容師の呼び鈴,,一般,2026-08-06T07:56:17Z
13089,セフィロトの樹,,一般,2026-08-06T07:56:17Z
13114,カララント:ピュアホワイト,,一般,2026-08-06T07:56:17Z
13115,カララント:ジェットブラック,,一般,2026-08-06T07:56:17Z
13116,カララント:シャインシルバー,,一般,2026-08-06T07:56:17Z
13117,カララント:シャインゴールド,,一般,2026-08-06T07:56:17Z
13257,レッドベレー,,一般,2026-08-06T07:56:17Z
13266,ハイハウスジュストコール,,一般,2026-08-06T07:56:17Z
13270,ハイハウス・バッスルドレス,,一般,2026-08-06T07:56:17Z
13272,ファルコナーシャツ,,一般,2026-08-06T07:56:17Z
13284,マメット・イフリート,,一般,2026-08-06T07:56:17Z
13307,カンファーアタッカーアルミラ,,一般,2026-08-06T07:56:17Z
13317,カンファーキャスターネックレス,,一般,2026-08-06T07:56:17Z
13354,騎兵の焚火炉,,一般,2026-08-06T07:56:17Z
13591,チタンアロイミラー,,一般,2026-08-06T07:56:17Z
13682,レインボークロスジュストコール,,一般,2026-08-06T07:56:17Z
13686,レインボークロス・バッスルドレス,,一般,2026-08-06T07:56:17Z
13688,ラミーシャツ,,一般,2026-08-06T07:56:17Z
13708,カララント:パステルピンク,,一般,2026-08-06T07:56:17Z
13709,カララント:ダークレッド,,一般,2026-08-06T07:56:17Z
13710,カララント:ダークブラウン,,一般,2026-08-06T07:56:17Z
13711,カララント:パステルグリーン,,一般,2026-08-06T07:56:17Z
13713,カララント:パステルブルー,,一般,2026-08-06T07:56:17Z
13715,カララント:パステルパープル,,一般,2026-08-06T07:56:17Z
13716,カララント:ダークパープル,,一般,2026-08-06T07:56:17Z
13717,カララント:メタリックレッド,,一般,2026-08-06T07:56:17Z
13718,カララント:メタリックオレンジ,,一般,2026-08-06T07:56:17Z
13721,カララント:メタリックスカイブルー,,一般,2026-08-06T07:56:17Z
13723,カララント:メタリックパープル,,一般,2026-08-06T07:56:17Z
13758,タガヤサン角材,,一般,2026-08-06T07:56:17Z
13839,レプリカ・ハイアラガン・コンポジットボウ,,一般,2026-08-06T07:56:17Z
14003,ヴィルトガンス級船体,,一般,2026-08-06T07:56:17Z
14063,ダンデライオンガーデン,,一般,2026-08-06T07:56:17Z
14065,鹿威し,,一般,2026-08-06T07:56:17Z
14083,ズーホルン,,一般,2026-08-06T07:56:17Z
14147,イコンミスライト,,一般,2026-08-06T07:56:17Z
14150,イコンメタル,,一般,2026-08-06T07:56:17Z
14151,菱亜鉛鉱,,一般,2026-08-06T07:56:17Z
14152,イコンクロス,,一般,2026-08-06T07:56:17Z
14172,眼力の錬金溶剤G3,,一般,2026-08-06T07:56:17Z
14183,無地のオーケストリオン譜G3,,一般,2026-08-06T07:56:17Z
14188,刺繍糸,,一般,2026-08-06T07:56:17Z
14850,ウラエウスボディアーマー,,一般,2026-08-06T07:56:17Z
14924,ダルメルコート,,一般,2026-08-06T07:56:17Z
14940,ウィンドシルクコーティー,,一般,2026-08-06T07:56:17Z
14941,ダイノレザーグローブ,,一般,2026-08-06T07:56:17Z
14942,ウィンドシルクボトム,,一般,2026-08-06T07:56:17Z
14955,光霊銀砂,,一般,2026-08-06T07:56:17Z
15144,ウォッシュスタンド,,一般,2026-08-06T07:56:17Z
15165,ブルースカイ・インナーウォール,,一般,2026-08-06T07:56:17Z
15441,マメット・ブラキオ,,一般,2026-08-06T07:56:17Z
15533,ガーロンド・クラフターリング,,一般,2026-08-06T07:56:17Z
15558,レヴィン・サンダーストーム,,一般,2026-08-06T07:56:17Z
15560,レヴィン・サンダーダーツ,,一般,2026-08-06T07:56:17Z
15567,レヴィン・サンダーコーデックス,,一般,2026-08-06T07:56:17Z
15577,エクスパンスハンドゴンネ,,一般,2026-08-06T07:56:17Z
15834,古びた譜面:船乗りには難破を,,一般,2026-08-06T07:56:17Z
15858,ヴォイドマンドレイク,,一般,2026-08-06T07:56:17Z
15921,ムーンファイアハット,,一般,2026-08-06T07:56:17Z
15922,ムーンファイアベスト,,一般,2026-08-06T07:56:17Z
15923,ムーンファイアトランクス,,一般,2026-08-06T07:56:17Z
15924,ムーンファイアカリガ,,一般,2026-08-06T07:56:17Z
15925,ムーンファイアホルター,,一般,2026-08-06T07:56:17Z
15927,ムーンファイアサンダル,,一般,2026-08-06T07:56:17Z
15945,ピレトリン,,一般,2026-08-06T07:56:17Z
15959,MGエンタープライズ級飛空艇,,一般,2026-08-06T07:56:17Z
15976,コームドウールラグ,,一般,2026-08-06T07:56:17Z
15982,オータムナル・ギンキョウツリー,,一般,2026-08-06T07:56:17Z
15983,オータムナル・メープルリーフドリフト,,一般,2026-08-06T07:56:17Z
16597,ラミーポンチョ,,一般,2026-08-06T07:56:17Z
16598,ダルメルファーブーツ,,一般,2026-08-06T07:56:17Z
16599,カシミヤフード,,一般,2026-08-06T07:56:17Z
16600,カシミヤポンチョ,,一般,2026-08-06T07:56:17Z
16660,スタービロード・レンジャータバード,,一般,2026-08-06T07:56:17Z
16679,スタービロード・キャスターロンググローブ,,一般,2026-08-06T07:56:17Z
16703,ヘアカタログ:ロングヘア,,一般,2026-08-06T07:56:17Z
16707,スタービロード,,一般,2026-08-06T07:56:17Z
16729,極細絹糸,,一般,2026-08-06T07:56:17Z
16751,聖竜の涙,,一般,2026-08-06T07:56:17Z
16819,オーケストリオン譜:雪上の足跡,,一般,2026-08-06T07:56:17Z
16908,強化ガラス板,,一般,2026-08-06T07:56:17Z
16910,カシミヤスロップ,,一般,2026-08-06T07:56:17Z
17835,古ぼけた地図G9,,一般,2026-08-06T07:56:17Z
17836,古ぼけた地図G10,,一般,2026-08-06T07:56:17Z
17852,オーケストリオン譜:ビブリオフォビア,,一般,2026-08-06T07:56:17Z
17954,テーブルオーケストリオン,,一般,2026-08-06T07:56:17Z
17971,イーゼル,,一般,2026-08-06T07:56:17Z
18059,ガガナ・スレイヤーレッグガード,,一般,2026-08-06T07:56:17Z
18203,キュプロレイピア,,一般,2026-08-06T07:56:17Z
18362,タイガーディフェンダーコート,,一般,2026-08-06T07:56:17Z
18370,クズクロス・スレイヤーロングキルト,,一般,2026-08-06T07:56:17Z
18387,タイガー・スカウトリストグローブ,,一般,2026-08-06T07:56:17Z
18661,ゼルコバロングボウ,,一般,2026-08-06T07:56:17Z
18969,クロマイトソード,,一般,2026-08-06T07:56:17Z
18998,トゥルーグリフィン・ストライカーチェストピース,,一般,2026-08-06T07:56:17Z
19009,パラーススカウトサークレット,,一般,2026-08-06T07:56:17Z
19011,トゥルーグリフィン・スカウトブレーサー,,一般,2026-08-06T07:56:17Z
19032,トレヤディフェンダーチョーカー,,一般,2026-08-06T07:56:17Z
19565,ドマスチールモーター,,一般,2026-08-06T07:56:17Z
19575,モリブデンアレンビック,,一般,2026-08-06T07:56:17Z
19658,サージポンチョ,,一般,2026-08-06T07:56:17Z
19877,ガガナの卵,,一般,2026-08-06T07:56:17Z
19878,ステップミルク,,一般,2026-08-06T07:56:17Z
19893,活力の霊水G1,,一般,2026-08-06T07:56:17Z
19901,キュプロエンチャントインク,,一般,2026-08-06T07:56:17Z
19902,ダリウムエンチャントインク,,一般,2026-08-06T07:56:17Z
19904,グロースフォーミュラ・エータ,,一般,2026-08-06T07:56:17Z
19906,カブトにかわ,,一般,2026-08-06T07:56:17Z
19908,松脂,,一般,2026-08-06T07:56:17Z
19927,パーシモン材,,一般,2026-08-06T07:56:17Z
19928,ゼルコバ材,,一般,2026-08-06T07:56:17Z
19938,キュプロナゲット,,一般,2026-08-06T07:56:17Z
19939,ハイスチールナゲット,,一般,2026-08-06T07:56:17Z
19940,キュプロインゴット,,一般,2026-08-06T07:56:17Z
19943,卸し鉄,,一般,2026-08-06T07:56:17Z
19945,玉鋼,,一般,2026-08-06T07:56:17Z
19948,パラースインゴット,,一般,2026-08-06T07:56:17Z
19949,クロマイトインゴット,,一般,2026-08-06T07:56:17Z
19976,赤麻,,一般,2026-08-06T07:56:17Z
19978,紅玉綿糸,,一般,2026-08-06T07:56:17Z
19983,ステップサージ,,一般,2026-08-06T07:56:17Z
19987,玉糸紬,,一般,2026-08-06T07:56:17Z
20003,ガゼルの粗皮,,一般,2026-08-06T07:56:17Z
20008,粘板岩砥石,,一般,2026-08-06T07:56:17Z
20011,アルマンディン,,一般,2026-08-06T07:56:17Z
20220,飛天魚,,一般,2026-08-06T07:56:17Z
20310,イミテーション・オブロングウィンドウ,,一般,2026-08-06T07:56:17Z
20470,道士冠巾,,一般,2026-08-06T07:56:17Z
20471,道士袍服,,一般,2026-08-06T07:56:17Z
20474,道士雲履,,一般,2026-08-06T07:56:17Z
20475,ノンラー,,一般,2026-08-06T07:56:17Z
20476,アオザイ,,一般,2026-08-06T07:56:17Z
20477,クワン,,一般,2026-08-06T07:56:17Z
20478,グオック,,一般,2026-08-06T07:56:17Z
20525,ウソウソ,,一般,2026-08-06T07:56:17Z
20530,ブンブク,,一般,2026-08-06T07:56:17Z
20531,タビスズメ,,一般,2026-08-06T07:56:17Z
20675,ザザムシ,,一般,2026-08-06T07:56:17Z
20684,白銀南風屋敷屋根,,一般,2026-08-06T07:56:17Z
20686,白銀木造御殿屋根,,一般,2026-08-06T07:56:17Z
20713,白銀石塀,,一般,2026-08-06T07:56:17Z
20734,白銀本棚,,一般,2026-08-06T07:56:17Z
20735,白銀食器棚,,一般,2026-08-06T07:56:17Z
20739,障子衝立,,一般,2026-08-06T07:56:17Z
20740,竹の鉢植,,一般,2026-08-06T07:56:17Z
20747,虎徹【偽】,,一般,2026-08-06T07:56:17Z
20754,神龍の翼,,一般,2026-08-06T07:56:17Z
20774,アクアリウムレイアウト:トレジャー,,一般,2026-08-06T07:56:17Z
20805,リリーオーナメント:レッド,,一般,2026-08-06T07:56:17Z
21052,フライング・チェアー,,一般,2026-08-06T07:56:17Z
21058,豆柴,,一般,2026-08-06T07:56:17Z
21063,ウーパールーパー,,一般,2026-08-06T07:56:17Z
21203,サベネアンカルゼ・オータムドレス,,一般,2026-08-06T07:56:17Z
21286,オーケストリオン譜:英雄ならざる者,,一般,2026-08-06T07:56:17Z
21711,ナイトスチール・ディフェンダーヘルム,,一般,2026-08-06T07:56:17Z
21745,メガテリウム・ヒーラーブーツ,,一般,2026-08-06T07:56:17Z
21766,ブラックウィロー・ヒーラーアルミラ,,一般,2026-08-06T07:56:17Z
21794,シャーク級艦体,,一般,2026-08-06T07:56:17Z
21795,シャーク級艦尾,,一般,2026-08-06T07:56:17Z
21800,ミラージュプリズム,,一般,2026-08-06T07:56:17Z
21815,モーグリ・ウォールクロノメーター,,一般,2026-08-06T07:56:17Z
21834,バーバーツールズ,,一般,2026-08-06T07:56:17Z
21841,メタルアクアリウムG1,,一般,2026-08-06T07:56:17Z
21843,えおるぜあ灯篭,,一般,2026-08-06T07:56:17Z
21844,ボムストーブ,,一般,2026-08-06T07:56:17Z
21867,ボーレルインナーウォール,,一般,2026-08-06T07:56:17Z
21931,チューリップオーナメント:パープル,,一般,2026-08-06T07:56:17Z
21941,アラミガンガウン,,一般,2026-08-06T07:56:17Z
22418,清銀鉱,,一般,2026-08-06T07:56:17Z
22427,ナイトスチールインゴット,,一般,2026-08-06T07:56:17Z
22492,古びた譜面:白帝の竹林,,一般,2026-08-06T07:56:17Z
22512,アネモスチャップス,,一般,2026-08-06T07:56:17Z
22542,シールド・アンド・ハルバード,,一般,2026-08-06T07:56:17Z
22543,裁縫師の籠,,一般,2026-08-06T07:56:17Z
22557,ワイングラス,,一般,2026-08-06T07:56:17Z
22569,サザンキッチン,,一般,2026-08-06T07:56:17Z
22973,キャシーイヤリング,,一般,2026-08-06T07:56:17Z
22999,ブレヴァディエ・ラッフルパンツ,,一般,2026-08-06T07:56:17Z
23002,クウェインチュレル・ラッフルスカート,,一般,2026-08-06T07:56:17Z
23023,ドードーホルン,,一般,2026-08-06T07:56:17Z
23027,キャシーバルブ,,一般,2026-08-06T07:56:17Z
23167,スーパーポーション,,一般,2026-08-06T07:56:17Z
23168,スーパーエーテル,,一般,2026-08-06T07:56:17Z
23222,海産油脂,,一般,2026-08-06T07:56:17Z
23322,オーケストリオン譜:月亮門,,一般,2026-08-06T07:56:17Z
23323,オーケストリオン譜:地風水,,一般,2026-08-06T07:56:17Z
23349,静魔薬,,一般,2026-08-06T07:56:17Z
23354,パゴスサンダル,,一般,2026-08-06T07:56:17Z
23369,ヘアカタログ:ギラバニアンブレイド,,一般,2026-08-06T07:56:17Z
23374,クウェインチュレル・ドレスシューズ,,一般,2026-08-06T07:56:17Z
23790,羅刹面【槍士】,,一般,2026-08-06T07:56:17Z
23797,羅刹羽織【拳士】,,一般,2026-08-06T07:56:17Z
23817,羅刹筒袴【学士】,,一般,2026-08-06T07:56:17Z
23836,羅刹腕輪【武士】,,一般,2026-08-06T07:56:17Z
23876,グリダニアンブーケ,,一般,2026-08-06T07:56:17Z
23888,ガラスボトルセット,,一般,2026-08-06T07:56:17Z
23890,ウッドカップセット,,一般,2026-08-06T07:56:17Z
23892,グリーンパーティション,,一般,2026-08-06T07:56:17Z
23904,シーラカンス級艦橋,,一般,2026-08-06T07:56:17Z
23989,朱孔雀,,一般,2026-08-06T07:56:17Z
24008,未鑑定ロゴスシャード:熟練,,一般,2026-08-06T07:56:17Z
24013,未鑑定ロゴスシャード:支援,,一般,2026-08-06T07:56:17Z
24224,演技教本:企みを話す,,一般,2026-08-06T07:56:17Z
24233,ヘアカタログ:編込カチューシャ,,一般,2026-08-06T07:56:17Z
24254,コメットコットン,,一般,2026-08-06T07:56:17Z
24257,眼力の霊水G4,,一般,2026-08-06T07:56:17Z
24261,剛力の薬湯G3,,一般,2026-08-06T07:56:17Z
24294,オーケストリオン譜:泥中の蓮,,一般,2026-08-06T07:56:17Z
24297,オーケストリオン譜:バトル2,,一般,2026-08-06T07:56:17Z
24299,オーケストリオン譜:最後の闘い,,一般,2026-08-06T07:56:17Z
24501,イミテーション・スモールウィンドウ,,一般,2026-08-06T07:56:17Z
24508,園芸師の乾燥ハーブ,,一般,2026-08-06T07:56:17Z
24511,ウッドロフト,,一般,2026-08-06T07:56:17Z
24522,マジックプリズムポーチ,,一般,2026-08-06T07:56:17Z
24592,レインコート,,一般,2026-08-06T07:56:17Z
24630,エウレカスワローホルン,,一般,2026-08-06T07:56:17Z
24816,ダマスク織物,,一般,2026-08-06T07:56:17Z
24818,ゴルデマールの角,,一般,2026-08-06T07:56:17Z
24902,アロハウソウソ,,一般,2026-08-06T07:56:17Z
24993,紅龍,,一般,2026-08-06T07:56:17Z
25190,剛柔のメガマテリジャ,,一般,2026-08-06T07:56:17Z
25959,ブルースピリットコーデックス,,一般,2026-08-06T07:56:17Z
26121,賢銅打刀,,一般,2026-08-06T07:56:17Z
26495,ミーン・レンジャーチョーカー,,一般,2026-08-06T07:56:17Z
26496,ミーン・ヒーラーチョーカー,,一般,2026-08-06T07:56:17Z
27078,ディープゴールド・クロスペインハンマー,,一般,2026-08-06T07:56:17Z
27096,ディープゴールドモール,,一般,2026-08-06T07:56:17Z
27113,ブルースピリットアウル,,一般,2026-08-06T07:56:17Z
27127,チタンブロンズピック,,一般,2026-08-06T07:56:17Z
27138,チタンブロンズモール,,一般,2026-08-06T07:56:17Z
27274,シンプルカーテン,,一般,2026-08-06T07:56:17Z
27285,クリスタリウムキッチンハンガー,,一般,2026-08-06T07:56:17Z
27299,イノセンストロフィー,,一般,2026-08-06T07:56:17Z
27584,デザートフロッグ,,一般,2026-08-06T07:56:17Z
27588,ショートビルミノー,,一般,2026-08-06T07:56:17Z
27667,オルタード・ゴートモカシン,,一般,2026-08-06T07:56:17Z
27672,トードブーツ,,一般,2026-08-06T07:56:17Z
27687,リグナムバイタ原木,,一般,2026-08-06T07:56:17Z
27688,サンダルウッド原木,,一般,2026-08-06T07:56:17Z
27693,リグナムバイタ材,,一般,2026-08-06T07:56:17Z
27696,硬金砂,,一般,2026-08-06T07:56:17Z
27698,霊青岩,,一般,2026-08-06T07:56:17Z
27707,ストーンゴールドナゲット,,一般,2026-08-06T07:56:17Z
27709,ストーンゴールドインゴット,,一般,2026-08-06T07:56:17Z
27711,霊青材,,一般,2026-08-06T07:56:17Z
27712,チタンブロンズナゲット,,一般,2026-08-06T07:56:17Z
27714,ハイミスリルインゴット,,一般,2026-08-06T07:56:17Z
27716,タングステンスチールインゴット,,一般,2026-08-06T07:56:17Z
27717,虹結晶材,,一般,2026-08-06T07:56:17Z
27721,ダイアスポア,,一般,2026-08-06T07:56:17Z
27724,ペタライト,,一般,2026-08-06T07:56:17Z
27725,オニキス,,一般,2026-08-06T07:56:17Z
27728,ラズライト原石,,一般,2026-08-06T07:56:17Z
27730,ペタライト原石,,一般,2026-08-06T07:56:17Z
27732,スミロドンの粗皮,,一般,2026-08-06T07:56:17Z
27742,シースワローレザー,,一般,2026-08-06T07:56:17Z
27743,カリコテリウムレザー,,一般,2026-08-06T07:56:17Z
27751,妖綿布,,一般,2026-08-06T07:56:17Z
27759,ドワーフ綿花,,一般,2026-08-06T07:56:17Z
27767,剛力の幻水G1,,一般,2026-08-06T07:56:17Z
27795,心力の幻水G2,,一般,2026-08-06T07:56:17Z
27801,硬泥岩,,一般,2026-08-06T07:56:17Z
27804,凝灰岩砥石,,一般,2026-08-06T07:56:17Z
27825,ブラッドトマト,,一般,2026-08-06T07:56:17Z
27831,ピクシーアップル,,一般,2026-08-06T07:56:17Z
27835,リトルレモン,,一般,2026-08-06T07:56:17Z
27836,ペパーミント,,一般,2026-08-06T07:56:17Z
27841,アップランド小麦粉,,一般,2026-08-06T07:56:17Z
27865,マッシュルームソテー,,一般,2026-08-06T07:56:17Z
27878,コーヒークッキー,,一般,2026-08-06T07:56:17Z
27908,オーケストリオン譜:深き底,,一般,2026-08-06T07:56:17Z
27931,ハイドレインジャオーナメント:ブラック,,一般,2026-08-06T07:56:17Z
27941,サマーインディゴシャツ,,一般,2026-08-06T07:56:17Z
27968,高地天然水,,一般,2026-08-06T07:56:17Z
28124,ダルメルホイッスル,,一般,2026-08-06T07:56:17Z
28131,東方風室内庭園,,一般,2026-08-06T07:56:17Z
28139,イミテーション・ロングウィンドウ,,一般,2026-08-06T07:56:17Z
28151,リキュールボトルセット,,一般,2026-08-06T07:56:17Z
28160,ベジタブルガーデン,,一般,2026-08-06T07:56:17Z
28590,レベルコート,,一般,2026-08-06T07:56:17Z
28591,レベルブーツ,,一般,2026-08-06T07:56:17Z
28612,演技教本:斜め立ち,,一般,2026-08-06T07:56:17Z
28615,ヘアカタログ:レジェンド,,一般,2026-08-06T07:56:17Z
28621,ミーアキャット,,一般,2026-08-06T07:56:17Z
28624,ドマキン,,一般,2026-08-06T07:56:17Z
28626,プチリャナンシー,,一般,2026-08-06T07:56:17Z
28642,ウッドデッキ,,一般,2026-08-06T07:56:17Z
28724,クラフターの製図用紙,,一般,2026-08-06T07:56:17Z
28809,レプリカ・スカイパイレーツ・ディフェンダーコート,,一般,2026-08-06T07:56:17Z
28812,レプリカ・スカイパイレーツ・ディフェンダーブーツ,,一般,2026-08-06T07:56:17Z
28859,レプリカ・スカイラット・レンジャーハーネス,,一般,2026-08-06T07:56:17Z
28900,オーケストリオン譜:双極ノ悪夢,,一般,2026-08-06T07:56:17Z
28917,ウフィティホルン,,一般,2026-08-06T07:56:17Z
28932,魚拓額縁G2,,一般,2026-08-06T07:56:17Z
28933,魚拓額縁G3,,一般,2026-08-06T07:56:17Z
28948,ヒヤシンス:レッド,,一般,2026-08-06T07:56:17Z
28964,モーグリチェア,,一般,2026-08-06T07:56:17Z
28975,ローズ・ウォールプランター,,一般,2026-08-06T07:56:17Z
28978,デビルドエッグズ・サラダボウル,,一般,2026-08-06T07:56:17Z
28983,ピクニックバスケット,,一般,2026-08-06T07:56:17Z
28995,エプロンハンガー,,一般,2026-08-06T07:56:17Z
28998,ドォーヌ・トレリス,,一般,2026-08-06T07:56:17Z
29401,ルビーウェポン装甲片,,一般,2026-08-06T07:56:17Z
29411,ネオイシュガルディアン・リボルバー,,一般,2026-08-06T07:56:17Z
29416,ネオイシュガルディアン・プラニスフィア,,一般,2026-08-06T07:56:17Z
29429,ネオイシュガルディアン・スレイヤートップス,,一般,2026-08-06T07:56:17Z
29438,ネオイシュガルディアン・ストライカーブーツ,,一般,2026-08-06T07:56:17Z
29448,ネオイシュガルディアン・スカウトグローブ,,一般,2026-08-06T07:56:17Z
29449,ネオイシュガルディアン・スカウトボトム,,一般,2026-08-06T07:56:17Z
29462,ネオイシュガルディアン・キャスターブーツ,,一般,2026-08-06T07:56:17Z
29497,オヴィムミートボール,,一般,2026-08-06T07:56:17Z
29508,強力粉,,一般,2026-08-06T07:56:17Z
29680,マホガニーアキダクト,,一般,2026-08-06T07:56:17Z
29685,ボムの錬金鍋,,一般,2026-08-06T07:56:17Z
29687,ガーデン・ブリックパーティション,,一般,2026-08-06T07:56:17Z
29958,コバルトアロイインゴット,,一般,2026-08-06T07:56:17Z
30080,神龍干支【輝】,,一般,2026-08-06T07:56:17Z
30110,演技教本:パンを食べる,,一般,2026-08-06T07:56:17Z
30112,演技教本:主張する,,一般,2026-08-06T07:56:17Z
30113,ヘアカタログ:アシンメトリー,,一般,2026-08-06T07:56:17Z
30131,ヒヤシンスオーナメント:レッド,,一般,2026-08-06T07:56:17Z
30271,クポクポチェスト,,一般,2026-08-06T07:56:17Z
30378,複製サレタ内壁,,一般,2026-08-06T07:56:17Z
30401,複製サレタ階段,,一般,2026-08-06T07:56:17Z
30405,複製サレタ金網,,一般,2026-08-06T07:56:17Z
30406,複製サレタ照明,,一般,2026-08-06T07:56:17Z
30421,オリエンタルウッドデッキ,,一般,2026-08-06T07:56:17Z
30590,雷鳴の霊砂,,一般,2026-08-06T07:56:17Z
30757,サザンシースカート,,一般,2026-08-06T07:56:17Z
30874,サンドフォックス,,一般,2026-08-06T07:56:17Z
30893,未鑑定ロストシャード:祝福,,一般,2026-08-06T07:56:17Z
31322,紫漆塗番傘,,一般,2026-08-06T07:56:17Z
31401,演技教本:ハイタッチ,,一般,2026-08-06T07:56:17Z
31406,ヘアカタログ:セイントウィング,,一般,2026-08-06T07:56:17Z
31630,フレースヴェルグチェスト,,一般,2026-08-06T07:56:17Z
31681,オーケストリオン譜:天より降りし力～全テヲ破壊スル黒キ巨人／Medley Version,,一般,2026-08-06T07:56:17Z
31819,エクサークディバイダー,,一般,2026-08-06T07:56:17Z
31829,エクサークグレイヴ,,一般,2026-08-06T07:56:17Z
31892,エクサーク・キャスターリング,,一般,2026-08-06T07:56:17Z
31980,第四次復興用の上級砂岩【検】,,一般,2026-08-06T07:56:17Z
31981,第四次復興用の最高級ホワイトシーダー原木【検】,,一般,2026-08-06T07:56:17Z
31984,第四次復興用の最高級綿花【検】,,一般,2026-08-06T07:56:17Z
31986,第四次復興用の最高級金鉱【検】,,一般,2026-08-06T07:56:17Z
31989,第四次復興用の最高級鉱砂【検】,,一般,2026-08-06T07:56:17Z
31990,第四次復興用の最高級霊青岩【検】,,一般,2026-08-06T07:56:17Z
31992,第四次復興用の特注ラズベリー【検】,,一般,2026-08-06T07:56:17Z
31993,第四次復興用の特注カイマン【検】,,一般,2026-08-06T07:56:17Z
31994,第四次復興用の特注マユ【検】,,一般,2026-08-06T07:56:17Z
31996,第四次復興用の特注鉱石【検】,,一般,2026-08-06T07:56:17Z
31998,第四次復興用の特注氷筍【検】,,一般,2026-08-06T07:56:17Z
32000,第四次復興用の特注虹結晶【検】,,一般,2026-08-06T07:56:17Z
32063,スペクトラルバタフライ,,一般,2026-08-06T07:56:17Z
32203,グゥーブーランプ,,一般,2026-08-06T07:56:17Z
32214,アンティークシンク,,一般,2026-08-06T07:56:17Z
32221,ローズトレリス,,一般,2026-08-06T07:56:17Z
32235,アーマリーショーケース,,一般,2026-08-06T07:56:17Z
32798,カーフスキン・ライダースキャップ,,一般,2026-08-06T07:56:17Z
32800,カーフスキン・ライダースグローブ,,一般,2026-08-06T07:56:17Z
32802,カーフスキン・ライダースシューズ,,一般,2026-08-06T07:56:17Z
32815,カーネーション:イエロー,,一般,2026-08-06T07:56:17Z
32828,演技教本:もみ手をする,,一般,2026-08-06T07:56:17Z
32829,演技教本:ホウキで掃く,,一般,2026-08-06T07:56:17Z
32830,演技教本:チョコボの筆,,一般,2026-08-06T07:56:17Z
32856,ドリッピー,,一般,2026-08-06T07:56:17Z
32857,トライク,,一般,2026-08-06T07:56:17Z
32858,ゴールデンビーバー,,一般,2026-08-06T07:56:17Z
32934,シルバービーチ材,,一般,2026-08-06T07:56:17Z
32936,白夜結晶板,,一般,2026-08-06T07:56:17Z
32937,クチナシ染め布,,一般,2026-08-06T07:56:17Z
32938,ティラコレオレザー,,一般,2026-08-06T07:56:17Z
32951,苦灰石,,一般,2026-08-06T07:56:17Z
33027,カーフレザー,,一般,2026-08-06T07:56:17Z
33037,プレザントドットパラソル,,一般,2026-08-06T07:56:17Z
33038,プリムドットパラソル,,一般,2026-08-06T07:56:17Z
33039,パストーラルドットパラソル,,一般,2026-08-06T07:56:17Z
33116,オーケストリオン譜:Don't be Afraid,,一般,2026-08-06T07:56:17Z
33143,カシミヤポンチョチェスト,,一般,2026-08-06T07:56:17Z
33186,リスプレンデントツールの一次素材:木工,,一般,2026-08-06T07:56:17Z
33245,フォージ・コテージウォール,,一般,2026-08-06T07:56:17Z
33248,ストームブルー・インナーウォール,,一般,2026-08-06T07:56:17Z
33258,イースタンインドアポンド,,一般,2026-08-06T07:56:17Z
33264,ヴァイオリンショーケース,,一般,2026-08-06T07:56:17Z
33268,円窓付衝立,,一般,2026-08-06T07:56:17Z
33274,アカデミアの案内冊子,,一般,2026-08-06T07:56:17Z
33275,アイスボックス,,一般,2026-08-06T07:56:17Z
33276,ブリックカウンター,,一般,2026-08-06T07:56:17Z
33285,モーグリビューロー,,一般,2026-08-06T07:56:17Z
33286,グラスハンガー,,一般,2026-08-06T07:56:17Z
33655,フロンティアハット,,一般,2026-08-06T07:56:17Z
33656,フロンティアジャケット,,一般,2026-08-06T07:56:17Z
33657,フロンティアトラウザー,,一般,2026-08-06T07:56:17Z
33659,フロンティアリボン,,一般,2026-08-06T07:56:17Z
33661,フロンティアドレスグローブ,,一般,2026-08-06T07:56:17Z
33684,ディノニクスホルン,,一般,2026-08-06T07:56:17Z
33706,ヘアカタログ:サイドテール,,一般,2026-08-06T07:56:17Z
33707,ヘアカタログ:２Ｂ,,一般,2026-08-06T07:56:17Z
33708,ヘアカタログ:９Ｓ,,一般,2026-08-06T07:56:17Z
33769,未鑑定ロストシャード:怒涛,,一般,2026-08-06T07:56:17Z
33841,オーケストリオン譜:炎の七部族,,一般,2026-08-06T07:56:17Z
33869,フロンティアクロス,,一般,2026-08-06T07:56:17Z
33903,ゼロチュピアRE,,一般,2026-08-06T07:56:17Z
33916,ダークマターG8,,一般,2026-08-06T07:56:17Z
33929,詠唱のオメガマテリジャ,,一般,2026-08-06T07:56:17Z
33931,天眼のアルテマテリジャ,,一般,2026-08-06T07:56:17Z
33932,武略のアルテマテリジャ,,一般,2026-08-06T07:56:17Z
33933,雄略のアルテマテリジャ,,一般,2026-08-06T07:56:17Z
33942,詠唱のアルテマテリジャ,,一般,2026-08-06T07:56:17Z
34139,アメトリン・キャスターイヤリング,,一般,2026-08-06T07:56:17Z
34263,マウンテンチキン・ストライカーホーズ,,一般,2026-08-06T07:56:17Z
34560,マンガン・ライズドラゴンヘルム,,一般,2026-08-06T07:56:17Z
34592,アイアンウッド・レンジャーチョーカー,,一般,2026-08-06T07:56:17Z
34734,オピオタウロス・キャスターブーツ,,一般,2026-08-06T07:56:17Z
35020,クラシカル・ロングソード,,一般,2026-08-06T07:56:17Z
35050,クラシカルセクトール・マスク,,一般,2026-08-06T07:56:17Z
35053,クラシカルセクトール・ロインクロス,,一般,2026-08-06T07:56:17Z
35058,クラシカルサジタリウス・ロインクロス,,一般,2026-08-06T07:56:17Z
35059,クラシカルサジタリウス・カリガ,,一般,2026-08-06T07:56:17Z
35065,クラシカルメディクス・ローレル,,一般,2026-08-06T07:56:17Z
35071,クラシカルシグニフェル・キトン,,一般,2026-08-06T07:56:17Z
35073,クラシカルシグニフェル・キュロット,,一般,2026-08-06T07:56:17Z
35084,クラシカル・キャスターチョーカー,,一般,2026-08-06T07:56:17Z
35089,クラシカル・キャスターリストバンド,,一般,2026-08-06T07:56:17Z
35556,シューズシェルフ,,一般,2026-08-06T07:56:17Z
35559,ツインクッション,,一般,2026-08-06T07:56:17Z
35560,マリンバ,,一般,2026-08-06T07:56:17Z
35563,スターリー・ハンギングオーナメント,,一般,2026-08-06T07:56:17Z
35565,調薬作業台,,一般,2026-08-06T07:56:17Z
35577,ペンダントウォールライト,,一般,2026-08-06T07:56:17Z
35583,ハングドベンチ,,一般,2026-08-06T07:56:17Z
35812,カフェ・コテージウォール,,一般,2026-08-06T07:56:17Z
35833,バイカラージェム納品証,,一般,2026-08-06T07:56:17Z
35868,ハピネスケープマント,,一般,2026-08-06T07:56:17Z
35981,ルナテンダー・プリンス,,一般,2026-08-06T07:56:17Z
36005,ウィヴルホルン,,一般,2026-08-06T07:56:17Z
36043,ボルシチ,,一般,2026-08-06T07:56:17Z
36057,ココナッツコッドチャウダー,,一般,2026-08-06T07:56:17Z
36060,チャイ・トゥ・ヴヌー,,一般,2026-08-06T07:56:17Z
36080,パームシュガー,,一般,2026-08-06T07:56:17Z
36085,サベネアンペリラ,,一般,2026-08-06T07:56:17Z
36086,パームシロップ,,一般,2026-08-06T07:56:17Z
36091,キューカンバー,,一般,2026-08-06T07:56:17Z
36099,高級牛肉,,一般,2026-08-06T07:56:17Z
36115,巨匠の薬酒,,一般,2026-08-06T07:56:17Z
36166,コンドライト,,一般,2026-08-06T07:56:17Z
36168,ハイダリウムナゲット,,一般,2026-08-06T07:56:17Z
36169,ハイダリウムインゴット,,一般,2026-08-06T07:56:17Z
36172,コンドライトインゴット,,一般,2026-08-06T07:56:17Z
36181,鉄雲母,,一般,2026-08-06T07:56:17Z
36194,インテグラル原木,,一般,2026-08-06T07:56:17Z
36199,アイアンウッド材,,一般,2026-08-06T07:56:17Z
36200,インテグラル材,,一般,2026-08-06T07:56:17Z
36210,雪亜麻布,,一般,2026-08-06T07:56:17Z
36211,紅草布,,一般,2026-08-06T07:56:17Z
36212,カエアンビロード,,一般,2026-08-06T07:56:17Z
36213,ゴールドシルク,,一般,2026-08-06T07:56:17Z
36222,アミノドンの粗皮,,一般,2026-08-06T07:56:17Z
36228,眼力の幻水G5,,一般,2026-08-06T07:56:17Z
36229,活力の幻水G5,,一般,2026-08-06T07:56:17Z
36237,ハイダリウム・エンチャントインク,,一般,2026-08-06T07:56:17Z
36244,サイガの粗皮,,一般,2026-08-06T07:56:17Z
36245,クンビーラの粗皮,,一般,2026-08-06T07:56:17Z
36246,オピオタウロスの粗皮,,一般,2026-08-06T07:56:17Z
36249,サイガレザー,,一般,2026-08-06T07:56:17Z
36251,オピオタウロスレザー,,一般,2026-08-06T07:56:17Z
36341,アーク・エンジェルウィング,,一般,2026-08-06T07:56:17Z
36373,オーケストリオン譜:邪竜の咆吼,,一般,2026-08-06T07:56:17Z
36378,古びた譜面:ENDCALLER,,一般,2026-08-06T07:56:17Z
36386,ノーザンヘリング,,一般,2026-08-06T07:56:17Z
36611,古ぼけた地図G13,,一般,2026-08-06T07:56:17Z
36838,ヴァーシティ・ジャケット,,一般,2026-08-06T07:56:17Z
36900,クルザン・ハンギングバナー,,一般,2026-08-06T07:56:17Z
37348,ログラック,,一般,2026-08-06T07:56:17Z
37349,マーブル・インドアファウンテン,,一般,2026-08-06T07:56:17Z
37351,クリスタル・ハンギングオーナメント,,一般,2026-08-06T07:56:17Z
37357,ユールモア・ディヴァン,,一般,2026-08-06T07:56:17Z
37359,アイビーカーテン,,一般,2026-08-06T07:56:17Z
37360,ダウンライト・ウッドロフト,,一般,2026-08-06T07:56:17Z
37361,スイングドアカウンター,,一般,2026-08-06T07:56:17Z
37363,ブックシェルフ・シークレットパーティション,,一般,2026-08-06T07:56:17Z
37367,アイアンチェア,,一般,2026-08-06T07:56:17Z
37374,フォルタン・ファイアプレイス,,一般,2026-08-06T07:56:17Z
37408,アーモロート・インナーウォール,,一般,2026-08-06T07:56:17Z
37433,オーケストリオン譜:夏の雨の如く,,一般,2026-08-06T07:56:17Z
37492,ブルーフェザー,,一般,2026-08-06T07:56:17Z
37751,リナシータ・ロッド,,一般,2026-08-06T07:56:17Z
37763,リナシータ・ディフェンダーキュイラス,,一般,2026-08-06T07:56:17Z
37764,リナシータ・ディフェンダーヴァンブレイス,,一般,2026-08-06T07:56:17Z
37772,リナシータ・ストライカーフード,,一般,2026-08-06T07:56:17Z
37775,リナシータ・ストライカーポレイン,,一般,2026-08-06T07:56:17Z
37777,リナシータ・レンジャーベレー,,一般,2026-08-06T07:56:17Z
37786,リナシータ・スカウトサバトン,,一般,2026-08-06T07:56:17Z
37808,リナシータ・アタッカーブレスレット,,一般,2026-08-06T07:56:17Z
37814,リナシータ・レンジャーリング,,一般,2026-08-06T07:56:17Z
37826,ラザハンのワニス,,一般,2026-08-06T07:56:17Z
38245,ワイルドエンフォーサー・グローブ,,一般,2026-08-06T07:56:17Z
38450,モモンガ,,一般,2026-08-06T07:56:17Z
38451,スポンジシルキー,,一般,2026-08-06T07:56:17Z
38453,マメット・フィロス,,一般,2026-08-06T07:56:17Z
38457,ワンダラスラナーホイッスル,,一般,2026-08-06T07:56:17Z
38542,フェアリーキングクロー,,一般,2026-08-06T07:56:17Z
38553,フェアリーキングスターグローブ,,一般,2026-08-06T07:56:17Z
38565,スイートピーネックレス:パープル,,一般,2026-08-06T07:56:17Z
38570,演技教本:目を輝かせる,,一般,2026-08-06T07:56:17Z
38576,イミテーション・サークルステンドクリスタル,,一般,2026-08-06T07:56:17Z
38580,リビングウォールアイビー,,一般,2026-08-06T07:56:17Z
38591,サイドタイドカーテン,,一般,2026-08-06T07:56:17Z
38592,タタミロフト,,一般,2026-08-06T07:56:17Z
38600,シラディン・ウッドチェア,,一般,2026-08-06T07:56:17Z
38658,古びた譜面:ゴルベーザ四天王とのバトル,,一般,2026-08-06T07:56:17Z
38953,数寄屋造平屋壁,,一般,2026-08-06T07:56:17Z
39311,サロンサーバー・ボトム,,一般,2026-08-06T07:56:17Z
39312,サロンサーバー・シューズ,,一般,2026-08-06T07:56:17Z
39314,サロンサーバー・ドレスグローブ,,一般,2026-08-06T07:56:17Z
39315,サロンサーバー・スカート,,一般,2026-08-06T07:56:17Z
39320,モーニンググローリーオーナメント:オレンジ,,一般,2026-08-06T07:56:17Z
39380,フェアリードア,,一般,2026-08-06T07:56:17Z
39381,トロピカルソファ,,一般,2026-08-06T07:56:17Z
39388,アラガンターミナル Type:α,,一般,2026-08-06T07:56:17Z
39409,ウォーターパーティション,,一般,2026-08-06T07:56:17Z
39414,シンプルシンク,,一般,2026-08-06T07:56:17Z
39424,東方人力車,,一般,2026-08-06T07:56:17Z
39430,ラザハン・フローリング,,一般,2026-08-06T07:56:17Z
39473,ヘアカタログ:バズカット,,一般,2026-08-06T07:56:17Z
39474,コーギー,,一般,2026-08-06T07:56:17Z
39476,スズサウルス,,一般,2026-08-06T07:56:17Z
39478,マメット・カイナッツォ,,一般,2026-08-06T07:56:17Z
39480,プライベート・パキポディウム,,一般,2026-08-06T07:56:17Z
39484,マメット・アイドネウス,,一般,2026-08-06T07:56:17Z
39490,ファエトンホルン,,一般,2026-08-06T07:56:17Z
39491,ピンキー認証鍵,,一般,2026-08-06T07:56:17Z
39494,クリュソマロスホルン,,一般,2026-08-06T07:56:17Z
39591,古ぼけた地図G15,,一般,2026-08-06T07:56:17Z
39595,超強力ゲル,,一般,2026-08-06T07:56:17Z
39632,ディアドコス・ウォーアクス,,一般,2026-08-06T07:56:17Z
39638,ディアドコス・ケーン,,一般,2026-08-06T07:56:17Z
39647,ディアドコス・ウィング,,一般,2026-08-06T07:56:17Z
39663,ディアドコス・ストライカーボトム,,一般,2026-08-06T07:56:17Z
39674,ディアドコス・スカウトシューズ,,一般,2026-08-06T07:56:17Z
39675,ディアドコス・ヒーラーベレー,,一般,2026-08-06T07:56:17Z
39692,ディアドコス・レンジャーチョーカー,,一般,2026-08-06T07:56:17Z
39697,ディアドコス・レンジャーリストバンド,,一般,2026-08-06T07:56:17Z
39698,ディアドコス・ヒーラーリストバンド,,一般,2026-08-06T07:56:17Z
39702,ディアドコス・レンジャーアーマーリング,,一般,2026-08-06T07:56:17Z
39712,サベネアンフラックス,,一般,2026-08-06T07:56:17Z
39720,ガーネットコットン,,一般,2026-08-06T07:56:17Z
40365,付喪番傘,,一般,2026-08-06T07:56:17Z
40388,獅子王子の魔笛,,一般,2026-08-06T07:56:17Z
40390,マジックキッズベッド,,一般,2026-08-06T07:56:17Z
40394,マジックプリズム:レポリットヘッド,,一般,2026-08-06T07:56:17Z
40405,プレーンパジャマ・シャツ,,一般,2026-08-06T07:56:17Z
40413,チョコボパジャマ・シャツ,,一般,2026-08-06T07:56:17Z
40446,紫洲御前小袿,,一般,2026-08-06T07:56:17Z
40447,紫洲御前袴,,一般,2026-08-06T07:56:17Z
40601,ヘアカタログ:ラフミディアム,,一般,2026-08-06T07:56:17Z
40621,ウォッチャーズパレス・フローリング,,一般,2026-08-06T07:56:17Z
40625,クッキーアソート,,一般,2026-08-06T07:56:17Z
40632,焼売蒸籠,,一般,2026-08-06T07:56:17Z
40648,フィッシングロッドスタンド,,一般,2026-08-06T07:56:17Z
40652,トロピカルパーティション,,一般,2026-08-06T07:56:17Z
40659,ナチュラルログ・ハーフパーティション,,一般,2026-08-06T07:56:17Z
40681,ウォーターウェルポンプ,,一般,2026-08-06T07:56:17Z
41089,ロンカ・ファイアプレイス,,一般,2026-08-06T07:56:17Z
41092,セレスティアル・スクリーン,,一般,2026-08-06T07:56:17Z
41099,ヒュペルボレア・ベンチ,,一般,2026-08-06T07:56:17Z
41105,ポータルド・パーティション,,一般,2026-08-06T07:56:17Z
41110,ウォールキャビネット,,一般,2026-08-06T07:56:17Z
41112,樽酒,,一般,2026-08-06T07:56:17Z
41137,イル・メグ・アーバー,,一般,2026-08-06T07:56:17Z
41465,ヘアカタログ:サイドコーンロウ,,一般,2026-08-06T07:56:17Z
41467,葉っぱの傘,,一般,2026-08-06T07:56:17Z
41494,サボテンダー・デラ・ルナホイッスル,,一般,2026-08-06T07:56:17Z
41499,クアクアの角笛,,一般,2026-08-06T07:56:17Z
41517,ルピナスオーナメント:ブレンド,,一般,2026-08-06T07:56:17Z
41589,フリースピリッツ・リングバンド,,一般,2026-08-06T07:56:17Z
41654,古びた譜面:最後の闘い（FINAL FANTASY IV）,,一般,2026-08-06T07:56:17Z
41757,信力のハイオメガマテリジャ,,一般,2026-08-06T07:56:17Z
41758,天眼のハイオメガマテリジャ,,一般,2026-08-06T07:56:17Z
41759,武略のハイオメガマテリジャ,,一般,2026-08-06T07:56:17Z
41760,雄略のハイオメガマテリジャ,,一般,2026-08-06T07:56:17Z
41761,剛柔のハイオメガマテリジャ,,一般,2026-08-06T07:56:17Z
41762,達識のハイオメガマテリジャ,,一般,2026-08-06T07:56:17Z
41763,博識のハイオメガマテリジャ,,一般,2026-08-06T07:56:17Z
41765,名匠のハイオメガマテリジャ,,一般,2026-08-06T07:56:17Z
41766,魔匠のハイオメガマテリジャ,,一般,2026-08-06T07:56:17Z
41767,巨匠のハイオメガマテリジャ,,一般,2026-08-06T07:56:17Z
41768,戦技のハイオメガマテリジャ,,一般,2026-08-06T07:56:17Z
41769,詠唱のハイオメガマテリジャ,,一般,2026-08-06T07:56:17Z
41770,信力のハイアルテマテリジャ,,一般,2026-08-06T07:56:17Z
41771,天眼のハイアルテマテリジャ,,一般,2026-08-06T07:56:17Z
41772,武略のハイアルテマテリジャ,,一般,2026-08-06T07:56:17Z
41773,雄略のハイアルテマテリジャ,,一般,2026-08-06T07:56:17Z
41774,剛柔のハイアルテマテリジャ,,一般,2026-08-06T07:56:17Z
41775,達識のハイアルテマテリジャ,,一般,2026-08-06T07:56:17Z
41777,器識のハイアルテマテリジャ,,一般,2026-08-06T07:56:17Z
41779,魔匠のハイアルテマテリジャ,,一般,2026-08-06T07:56:17Z
41780,巨匠のハイアルテマテリジャ,,一般,2026-08-06T07:56:17Z
41781,戦技のハイアルテマテリジャ,,一般,2026-08-06T07:56:17Z
41782,詠唱のハイアルテマテリジャ,,一般,2026-08-06T07:56:17Z
41791,ロスガルヴァンブレイス,,一般,2026-08-06T07:56:17Z
41810,カントリーコテージ・ウォール,,一般,2026-08-06T07:56:17Z
41819,フラッグのぬいぐるみ,,一般,2026-08-06T07:56:17Z
41822,東方飾り戸窓,,一般,2026-08-06T07:56:17Z
41829,ダブルトップテーブル,,一般,2026-08-06T07:56:17Z
41832,スターゲイジング・デッキ,,一般,2026-08-06T07:56:17Z
41833,ウッドガーデンゲート,,一般,2026-08-06T07:56:17Z
41868,スノーコットン・ストライカーヘッドバンド,,一般,2026-08-06T07:56:17Z
41896,ウコギ・ヒーラーイヤリング,,一般,2026-08-06T07:56:17Z
41900,シルバリオ・レンジャーネックレス,,一般,2026-08-06T07:56:17Z
42030,マウンテンリネン・レンジャーキルト,,一般,2026-08-06T07:56:17Z
42040,マウンテンリネン・ヒーラーキルト,,一般,2026-08-06T07:56:17Z
42045,マウンテンリネン・キャスターキルト,,一般,2026-08-06T07:56:17Z
42170,ブラーシャ・ディフェンダーサイブーツ,,一般,2026-08-06T07:56:17Z
42373,ホワイトゴールド・ヒーラーリング,,一般,2026-08-06T07:56:17Z
42457,クラロウォルナット・ケーン,,一般,2026-08-06T07:56:17Z
42476,カザナル・ディフェンダーガントレット,,一般,2026-08-06T07:56:17Z
42488,カザナル・ストライカーグリーヴ,,一般,2026-08-06T07:56:17Z
42875,オールドキングダム・キャンドルロッド,,一般,2026-08-06T07:56:17Z
42923,オールドキングダム・キャスターコート,,一般,2026-08-06T07:56:17Z
43317,サンダーヤードシルク・クラフターワイドパンツ,,一般,2026-08-06T07:56:17Z
43556,古ぼけた地図G16,,一般,2026-08-06T07:56:17Z
43557,古ぼけた地図G17,,一般,2026-08-06T07:56:17Z
43575,グリーンバード,,一般,2026-08-06T07:56:17Z
43583,ドリーマー・スキャンプ,,一般,2026-08-06T07:56:17Z
43590,チャイチャホイッスル,,一般,2026-08-06T07:56:17Z
43591,エアスピナーA9起動鍵,,一般,2026-08-06T07:56:17Z
43598,ロネークホルン,,一般,2026-08-06T07:56:17Z
43606,ヘアカタログ:ソフトツーブロック,,一般,2026-08-06T07:56:17Z
43613,サンフラワーオーナメント:レッド,,一般,2026-08-06T07:56:17Z
43618,サンフラワーオーナメント:パープル,,一般,2026-08-06T07:56:17Z
43702,ペルベイン,,一般,2026-08-06T07:56:17Z
43833,キクラ・テメンシス,,一般,2026-08-06T07:56:17Z
43851,白蛹,,一般,2026-08-06T07:56:17Z
43855,ポッパールアー,,一般,2026-08-06T07:56:17Z
43858,紅サシ,,一般,2026-08-06T07:56:17Z
43859,ゴーストニッパー,,一般,2026-08-06T07:56:17Z
43961,バイカラージェム納品証【黄金】,,一般,2026-08-06T07:56:17Z
43973,ウトォームチリソース,,一般,2026-08-06T07:56:17Z
43974,ロイヤルメープルシロップ,,一般,2026-08-06T07:56:17Z
43976,トラルコーンオイル,,一般,2026-08-06T07:56:17Z
43981,トラルコーン,,一般,2026-08-06T07:56:17Z
43982,高山岩塩,,一般,2026-08-06T07:56:17Z
43984,ピーマン,,一般,2026-08-06T07:56:17Z
43986,ホワイトペッパー,,一般,2026-08-06T07:56:17Z
43987,メスキート豆,,一般,2026-08-06T07:56:17Z
43990,ワイルドジャティーカバナナ,,一般,2026-08-06T07:56:17Z
43997,オルコクロマイトインゴット,,一般,2026-08-06T07:56:17Z
44001,カザナルインゴット,,一般,2026-08-06T07:56:17Z
44004,ピンクベリル原石,,一般,2026-08-06T07:56:17Z
44005,ホワイトゴールド鉱,,一般,2026-08-06T07:56:17Z
44007,マグネシア粉,,一般,2026-08-06T07:56:17Z
44008,ラァーインゴット,,一般,2026-08-06T07:56:17Z
44009,イフイカナイト,,一般,2026-08-06T07:56:17Z
44011,ホワイトゴールドインゴット,,一般,2026-08-06T07:56:17Z
44012,ブラックスター,,一般,2026-08-06T07:56:17Z
44013,マグネシア砥石,,一般,2026-08-06T07:56:17Z
44015,セイバ原木,,一般,2026-08-06T07:56:17Z
44019,ウコギ材,,一般,2026-08-06T07:56:17Z
44020,セイバ材,,一般,2026-08-06T07:56:17Z
44025,高山亜麻,,一般,2026-08-06T07:56:17Z
44027,ロネークの獣毛,,一般,2026-08-06T07:56:17Z
44028,帯雷繭,,一般,2026-08-06T07:56:17Z
44029,雪木綿布,,一般,2026-08-06T07:56:17Z
44030,高山亜麻布,,一般,2026-08-06T07:56:17Z
44031,サーセネット織物,,一般,2026-08-06T07:56:17Z
44032,ロネークサージ,,一般,2026-08-06T07:56:17Z
44033,サンダーヤードシルク,,一般,2026-08-06T07:56:17Z
44034,ヤクテル天然水,,一般,2026-08-06T07:56:17Z
44039,ウィンドパセリ,,一般,2026-08-06T07:56:17Z
44040,コザマル・カモミール,,一般,2026-08-06T07:56:17Z
44041,ウィンドローレル,,一般,2026-08-06T07:56:17Z
44042,ユーカリ,,一般,2026-08-06T07:56:17Z
44044,剛力の宝水,,一般,2026-08-06T07:56:17Z
44045,眼力の宝水,,一般,2026-08-06T07:56:17Z
44048,心力の宝水,,一般,2026-08-06T07:56:17Z
44051,大聖水,,一般,2026-08-06T07:56:17Z
44058,シルバリオレザー,,一般,2026-08-06T07:56:17Z
44059,ハンマーヘッドダイルレザー,,一般,2026-08-06T07:56:17Z
44070,チャイチャの刃爪,,一般,2026-08-06T07:56:17Z
44071,タンブルクラブの枯草,,一般,2026-08-06T07:56:17Z
44077,サーモンジャーキー,,一般,2026-08-06T07:56:17Z
44098,メスキートスープ,,一般,2026-08-06T07:56:17Z
44108,タイルカーペット,,一般,2026-08-06T07:56:17Z
44111,ストーンパーティション,,一般,2026-08-06T07:56:17Z
44120,ヴァーティカル・ネオンウォールライト,,一般,2026-08-06T07:56:17Z
44132,トラル古布,,一般,2026-08-06T07:56:17Z
44135,混鉄鉱,,一般,2026-08-06T07:56:17Z
44138,海島綿,,一般,2026-08-06T07:56:17Z
44145,プルスサウルスの粗皮,,一般,2026-08-06T07:56:17Z
44147,マルエージングインゴット,,一般,2026-08-06T07:56:17Z
44148,スターリングシルバーインゴット,,一般,2026-08-06T07:56:17Z
44150,海島綿布,,一般,2026-08-06T07:56:17Z
44151,プルスサウルスレザー,,一般,2026-08-06T07:56:17Z
44157,剛力の宝薬,,一般,2026-08-06T07:56:17Z
44161,心力の宝薬,,一般,2026-08-06T07:56:17Z
44162,剛力の宝薬G2,,一般,2026-08-06T07:56:17Z
44169,魔匠の薬液,,一般,2026-08-06T07:56:17Z
44179,シナモンホイップコーヒー,,一般,2026-08-06T07:56:17Z
44246,トラルトレーダー・シャツ,,一般,2026-08-06T07:56:17Z
44248,トラルトレーダー・シューズ,,一般,2026-08-06T07:56:17Z
44250,トラルトラベラー・シューズ,,一般,2026-08-06T07:56:17Z
44257,リボンパラソル,,一般,2026-08-06T07:56:17Z
44263,スタイルカタログ:ベーシックスペクタクルズ,,一般,2026-08-06T07:56:17Z
44264,スタイルカタログ:モノクル,,一般,2026-08-06T07:56:17Z
44306,オーケストリオン譜:Bee My Honey,,一般,2026-08-06T07:56:17Z
44308,オーケストリオン譜:Give It All,,一般,2026-08-06T07:56:17Z
44432,エバーシーク・クラフターヘッドマウント,,一般,2026-08-06T07:56:17Z
44433,エバーシーク・クラフタートップス,,一般,2026-08-06T07:56:17Z
44434,エバーシーク・クラフターアームガード,,一般,2026-08-06T07:56:17Z
44492,淡闇の雲,,一般,2026-08-06T07:56:17Z
44502,バレルテンダーホイッスル,,一般,2026-08-06T07:56:17Z
44503,エッグイーター・ホルン,,一般,2026-08-06T07:56:17Z
44504,アックスビーク・ホルン,,一般,2026-08-06T07:56:17Z
44505,パワーローダー認証鍵,,一般,2026-08-06T07:56:17Z
44506,ヘアカタログ:ウェイビーボブ,,一般,2026-08-06T07:56:17Z
44507,ヘアカタログ:ハーフツインテール,,一般,2026-08-06T07:56:17Z
44509,演技教本:タブレットで記録する,,一般,2026-08-06T07:56:17Z
44828,カトレアオーナメント:パープル,,一般,2026-08-06T07:56:17Z
44848,高濃縮錬金薬,,一般,2026-08-06T07:56:17Z
44849,永久なる女王のレガリア,,一般,2026-08-06T07:56:17Z
44873,ウッドファイアオーブン,,一般,2026-08-06T07:56:17Z
44874,ホロディスプレイ,,一般,2026-08-06T07:56:17Z
44879,ボタニカルロフト,,一般,2026-08-06T07:56:17Z
44882,ポポトチップス,,一般,2026-08-06T07:56:17Z
44885,グラスランド・ラグ,,一般,2026-08-06T07:56:17Z
44891,ストレイバロー・ウォールランプ,,一般,2026-08-06T07:56:17Z
44897,イミテーション・クローゼットドア,,一般,2026-08-06T07:56:17Z
44898,ファイティングリング,,一般,2026-08-06T07:56:17Z
44958,カムイの魔笛【商】,,一般,2026-08-06T07:56:17Z
44970,クッションベンチ,,一般,2026-08-06T07:56:17Z
45005,スタイルカタログ:キャットアイグラス,,一般,2026-08-06T07:56:17Z
45027,オーケストリオン譜:Battle in the Dungeon,,一般,2026-08-06T07:56:17Z
45070,ドリーム・オブ・ウェポンチェスト,,一般,2026-08-06T07:56:17Z
45968,コーディア原木,,一般,2026-08-06T07:56:17Z
45969,オクタヘドライト鉱石,,一般,2026-08-06T07:56:17Z
45971,シャーローニ・コーヒー,,一般,2026-08-06T07:56:17Z
45972,コチニール染料,,一般,2026-08-06T07:56:17Z
45976,ロードクロサイト,,一般,2026-08-06T07:56:17Z
45977,クロノピオレザー,,一般,2026-08-06T07:56:17Z
45978,ディアトリマの毛布,,一般,2026-08-06T07:56:17Z
45983,心力の宝水G3,,一般,2026-08-06T07:56:17Z
45985,シャーローニ・コークス,,一般,2026-08-06T07:56:17Z
45986,新王国の研磨剤,,一般,2026-08-06T07:56:17Z
45987,クロノピオの粗皮,,一般,2026-08-06T07:56:17Z
45991,最高級マテ茶葉,,一般,2026-08-06T07:56:17Z
45992,アヒ・アマリージョ,,一般,2026-08-06T07:56:17Z
45998,知力の宝薬G3,,一般,2026-08-06T07:56:17Z
45999,心力の宝薬G3,,一般,2026-08-06T07:56:17Z
46022,セレモニアル・トルクエタム,,一般,2026-08-06T07:56:17Z
46028,セレモニアル・ペンデュラム,,一般,2026-08-06T07:56:17Z
46038,セレモニアル・スレイヤーコースリット,,一般,2026-08-06T07:56:17Z
46039,セレモニアル・スレイヤーヴァンブレイス,,一般,2026-08-06T07:56:17Z
46040,セレモニアル・スレイヤーホーズ,,一般,2026-08-06T07:56:17Z
46043,セレモニアル・ストライカーベスト,,一般,2026-08-06T07:56:17Z
46044,セレモニアル・ストライカーアームガード,,一般,2026-08-06T07:56:17Z
46045,セレモニアル・ストライカーワイドパンツ,,一般,2026-08-06T07:56:17Z
46046,セレモニアル・ストライカークラコー,,一般,2026-08-06T07:56:17Z
46048,セレモニアル・レンジャーベスト,,一般,2026-08-06T07:56:17Z
46049,セレモニアル・レンジャーアームガード,,一般,2026-08-06T07:56:17Z
46050,セレモニアル・レンジャーワイドパンツ,,一般,2026-08-06T07:56:17Z
46051,セレモニアル・レンジャークラコー,,一般,2026-08-06T07:56:17Z
46052,セレモニアル・スカウトフラップキャップ,,一般,2026-08-06T07:56:17Z
46053,セレモニアル・スカウトベスト,,一般,2026-08-06T07:56:17Z
46054,セレモニアル・スカウトアームガード,,一般,2026-08-06T07:56:17Z
46055,セレモニアル・スカウトワイドパンツ,,一般,2026-08-06T07:56:17Z
46056,セレモニアル・スカウトクラコー,,一般,2026-08-06T07:56:17Z
46057,セレモニアル・ヒーラーフード,,一般,2026-08-06T07:56:17Z
46061,セレモニアル・ヒーラーサイブーツ,,一般,2026-08-06T07:56:17Z
46062,セレモニアル・キャスターフード,,一般,2026-08-06T07:56:17Z
46063,セレモニアル・キャスターチュニック,,一般,2026-08-06T07:56:17Z
46064,セレモニアル・キャスターグローブ,,一般,2026-08-06T07:56:17Z
46068,セレモニアル・アタッカーイヤリング,,一般,2026-08-06T07:56:17Z
46073,セレモニアル・アタッカーネックレス,,一般,2026-08-06T07:56:17Z
46077,セレモニアル・ディフェンダーバングル,,一般,2026-08-06T07:56:17Z
46078,セレモニアル・アタッカーバングル,,一般,2026-08-06T07:56:17Z
46079,セレモニアル・レンジャーバングル,,一般,2026-08-06T07:56:17Z
46083,セレモニアル・アタッカーリング,,一般,2026-08-06T07:56:17Z
46084,セレモニアル・レンジャーリング,,一般,2026-08-06T07:56:17Z
46088,ハニカムカーペット,,一般,2026-08-06T07:56:17Z
46102,キャビンズ・ソファ,,一般,2026-08-06T07:56:17Z
46109,ラティスプランター・パーティション,,一般,2026-08-06T07:56:17Z
46122,スノートピアリー,,一般,2026-08-06T07:56:17Z
46171,エバーキープ・ランプポスト,,一般,2026-08-06T07:56:17Z
46185,古ぼけた地図G18,,一般,2026-08-06T07:56:17Z
46188,ゴールデンイール,,一般,2026-08-06T07:56:17Z
46244,デザートラピス原石,,一般,2026-08-06T07:56:17Z
46246,紫電の霊砂,,一般,2026-08-06T07:56:17Z
46252,石匠の研磨剤,,一般,2026-08-06T07:56:17Z
46253,アリペブレ,,一般,2026-08-06T07:56:17Z
46254,ゴールデンイールパイ,,一般,2026-08-06T07:56:17Z
46261,薄亜麻布,,一般,2026-08-06T07:56:17Z
46778,タイニークロウ,,一般,2026-08-06T07:56:17Z
46779,エイエイ,,一般,2026-08-06T07:56:17Z
46793,演技教本:緑茶を飲む,,一般,2026-08-06T07:56:17Z
46795,演技教本:張り切る,,一般,2026-08-06T07:56:17Z
46798,ヘアカタログ:シンプルストレート,,一般,2026-08-06T07:56:17Z
46808,チャンパー:オレンジ,,一般,2026-08-06T07:56:17Z
46811,チャンパー:ブラック,,一般,2026-08-06T07:56:17Z
46812,チャンパー:ブレンド,,一般,2026-08-06T07:56:17Z
46831,フォーギヴン・ミミクリー,,一般,2026-08-06T07:56:17Z
46834,ネコ荷車の角笛,,一般,2026-08-06T07:56:17Z
46852,ウトォーム隕鉄,,一般,2026-08-06T07:56:17Z
46854,ロネークにかわ,,一般,2026-08-06T07:56:17Z
46855,人造ダークマターα,,一般,2026-08-06T07:56:17Z
46856,人造ダークマターβ,,一般,2026-08-06T07:56:17Z
46857,人造ダークマターγ,,一般,2026-08-06T07:56:17Z
47095,コスモパイロット・チェスト,,一般,2026-08-06T07:56:17Z
47163,ゴールデンサム・ソー,,一般,2026-08-06T07:56:17Z
47164,ゴールデンサム・クロスペインハンマー,,一般,2026-08-06T07:56:17Z
47168,ゴールデンサム・ニードル,,一般,2026-08-06T07:56:17Z
47169,ゴールデンサム・アレンビック,,一般,2026-08-06T07:56:17Z
47170,ゴールデンサム・フライパン,,一般,2026-08-06T07:56:17Z
47171,ゴールデンサム・ピック,,一般,2026-08-06T07:56:17Z
47172,ゴールデンサム・ハチェット,,一般,2026-08-06T07:56:17Z
47174,ゴールデンサム・クローハンマー,,一般,2026-08-06T07:56:17Z
47175,ゴールデンサム・ファイル,,一般,2026-08-06T07:56:17Z
47176,ゴールデンサム・プライヤー,,一般,2026-08-06T07:56:17Z
47177,ゴールデンサム・グラインディングホイール,,一般,2026-08-06T07:56:17Z
47178,ゴールデンサム・アウル,,一般,2026-08-06T07:56:17Z
47179,ゴールデンサム・スピニングホイール,,一般,2026-08-06T07:56:17Z
47180,ゴールデンサム・モーター,,一般,2026-08-06T07:56:17Z
47181,ゴールデンサム・クリナリーナイフ,,一般,2026-08-06T07:56:17Z
47182,ゴールデンサム・モール,,一般,2026-08-06T07:56:17Z
47183,ゴールデンサム・サイズ,,一般,2026-08-06T07:56:17Z
47184,ピーコック・クラフターヘッドバンド,,一般,2026-08-06T07:56:17Z
47185,ピーコック・クラフターシャツ,,一般,2026-08-06T07:56:17Z
47186,ピーコック・クラフターグローブ,,一般,2026-08-06T07:56:17Z
47187,ピーコック・クラフターキュロット,,一般,2026-08-06T07:56:17Z
47188,ピーコック・クラフターブーツ,,一般,2026-08-06T07:56:17Z
47189,ピーコック・ギャザラーフード,,一般,2026-08-06T07:56:17Z
47190,ピーコック・ギャザラーコート,,一般,2026-08-06T07:56:17Z
47191,ピーコック・ギャザラーグローブ,,一般,2026-08-06T07:56:17Z
47192,ピーコック・ギャザラーパンツ,,一般,2026-08-06T07:56:17Z
47193,ピーコック・ギャザラーブーツ,,一般,2026-08-06T07:56:17Z
47194,ピーコック・クラフターイヤリング,,一般,2026-08-06T07:56:17Z
47196,ピーコック・クラフターブレスレット,,一般,2026-08-06T07:56:17Z
47197,ピーコック・クラフターリング,,一般,2026-08-06T07:56:17Z
47198,ピーコック・ギャザラーイヤリング,,一般,2026-08-06T07:56:17Z
47199,ピーコック・ギャザラーネックレス,,一般,2026-08-06T07:56:17Z
47200,ピーコック・ギャザラーブレスレット,,一般,2026-08-06T07:56:17Z
47201,ピーコック・ギャザラーリング,,一般,2026-08-06T07:56:17Z
47222,チャンパーオーナメント:ブレンド,,一般,2026-08-06T07:56:17Z
47259,サマーフォーマル・スラックス,,一般,2026-08-06T07:56:17Z
47280,コスモキャプテン・コート,,一般,2026-08-06T07:56:17Z
47334,ピルグリム・プロテクター・ホルン,,一般,2026-08-06T07:56:17Z
47335,花人の角笛,,一般,2026-08-06T07:56:17Z
47336,コスモボード,,一般,2026-08-06T07:56:17Z
47343,惑星パエンナ探索計画の証書,,一般,2026-08-06T07:56:17Z
47701,ウルトラポーション,,一般,2026-08-06T07:56:17Z
47740,サポートアイテム:古びた銭箱,,一般,2026-08-06T07:56:17Z
47896,タイクーンプリンセス・ヘアピン,,一般,2026-08-06T07:56:17Z
47899,タイクーンプリンセス・タイツ,,一般,2026-08-06T07:56:17Z
47917,ネオンストリート・カーゴパンツ,,一般,2026-08-06T07:56:17Z
47919,バウンサーズ・ホルスターベスト,,一般,2026-08-06T07:56:17Z
47937,コスモスーツチェスト,,一般,2026-08-06T07:56:17Z
47964,タイニーヤーン,,一般,2026-08-06T07:56:17Z
47965,いただきキトン,,一般,2026-08-06T07:56:17Z
47979,ペタロドゥス・ホイッスル,,一般,2026-08-06T07:56:17Z
47983,演技教本:くるっと回る,,一般,2026-08-06T07:56:17Z
47985,演技教本:怒りに震える,,一般,2026-08-06T07:56:17Z
47987,ヘアカタログ:マッシュショート,,一般,2026-08-06T07:56:17Z
48096,フォーチュンカロット,,一般,2026-08-06T07:56:17Z
48108,紅白幕衝立,,一般,2026-08-06T07:56:17Z
48111,白銀違い棚,,一般,2026-08-06T07:56:17Z
48113,白銀地袋,,一般,2026-08-06T07:56:17Z
48116,ラティスウィンドウ・キャビネット,,一般,2026-08-06T07:56:17Z
48130,プロシュット・クルード,,一般,2026-08-06T07:56:17Z
48156,スタイルカタログ:グラデーションフレームグラス,,一般,2026-08-06T07:56:17Z
48160,レポリットパラソル,,一般,2026-08-06T07:56:17Z
48161,ホワイトレースパラソル,,一般,2026-08-06T07:56:17Z
48162,ブラックレースパラソル,,一般,2026-08-06T07:56:17Z
48189,サンクティファイライト・タスラム,,一般,2026-08-06T07:56:17Z
48208,オーケストリオン譜:エクスデスの城,,一般,2026-08-06T07:56:17Z
48209,オーケストリオン譜:バトル1（FINAL FANTASY V）,,一般,2026-08-06T07:56:17Z
48214,オーケストリオン譜:決行～姫をさがして～,,一般,2026-08-06T07:56:17Z
48221,オーケストリオン譜:Close in the Distance - Instrumental,,一般,2026-08-06T07:56:17Z
48222,オーケストリオン譜:轟,,一般,2026-08-06T07:56:17Z
48228,分光性カララント,,一般,2026-08-06T07:56:17Z
48733,コスモテーブル,,一般,2026-08-06T07:56:17Z
48734,コスモテーブルランプ,,一般,2026-08-06T07:56:17Z
48735,コスモランプポスト,,一般,2026-08-06T07:56:17Z
48994,プレーン・デイリーチュニック,,一般,2026-08-06T07:56:17Z
49208,高密度軽銀鉱,,一般,2026-08-06T07:56:17Z
49216,マストドンレザー,,一般,2026-08-06T07:56:17Z
49217,オルコ・リネン,,一般,2026-08-06T07:56:17Z
49220,活力の宝水G4,,一般,2026-08-06T07:56:17Z
49227,トライヨラの染料,,一般,2026-08-06T07:56:17Z
49228,イヨラエキス,,一般,2026-08-06T07:56:17Z
49229,フリントコーン,,一般,2026-08-06T07:56:17Z
49231,ロネークの乳,,一般,2026-08-06T07:56:17Z
49234,剛力の宝薬G4,,一般,2026-08-06T07:56:17Z
49235,眼力の宝薬G4,,一般,2026-08-06T07:56:17Z
49238,心力の宝薬G4,,一般,2026-08-06T07:56:17Z
49240,キャラメルポップコーン,,一般,2026-08-06T07:56:17Z
49244,ポポトポタージュ,,一般,2026-08-06T07:56:17Z
49249,コートリーラヴァー・ソード,,一般,2026-08-06T07:56:17Z
49250,コートリーラヴァー・バグナウ,,一般,2026-08-06T07:56:17Z
49251,コートリーラヴァー・ラブリュス,,一般,2026-08-06T07:56:17Z
49252,コートリーラヴァー・パルチザン,,一般,2026-08-06T07:56:17Z
49254,コートリーラヴァー・ケーン,,一般,2026-08-06T07:56:17Z
49256,コートリーラヴァー・インデックス,,一般,2026-08-06T07:56:17Z
49257,コートリーラヴァー・コーデックス,,一般,2026-08-06T07:56:17Z
49258,コートリーラヴァー・ダガー,,一般,2026-08-06T07:56:17Z
49259,コートリーラヴァー・グレートソード,,一般,2026-08-06T07:56:17Z
49260,コートリーラヴァー・ハンドガン,,一般,2026-08-06T07:56:17Z
49262,コートリーラヴァー・ブレード,,一般,2026-08-06T07:56:17Z
49264,コートリーラヴァー・ガンブレード,,一般,2026-08-06T07:56:17Z
49265,コートリーラヴァー・ウォーコイト,,一般,2026-08-06T07:56:17Z
49266,コートリーラヴァー・ウォーサイズ,,一般,2026-08-06T07:56:17Z
49267,コートリーラヴァー・ペンデュラム,,一般,2026-08-06T07:56:17Z
49269,コートリーラヴァー・フィルバートブラシ,,一般,2026-08-06T07:56:17Z
49271,コートリーラヴァー・ディフェンダーヘアピン,,一般,2026-08-06T07:56:17Z
49272,コートリーラヴァー・ディフェンダーサーコート,,一般,2026-08-06T07:56:17Z
49273,コートリーラヴァー・ディフェンダーガントレット,,一般,2026-08-06T07:56:17Z
49274,コートリーラヴァー・ディフェンダーブリーチ,,一般,2026-08-06T07:56:17Z
49275,コートリーラヴァー・ディフェンダーブーツ,,一般,2026-08-06T07:56:17Z
49276,コートリーラヴァー・スレイヤーヘアピン,,一般,2026-08-06T07:56:17Z
49277,コートリーラヴァー・スレイヤーサーコート,,一般,2026-08-06T07:56:17Z
49279,コートリーラヴァー・スレイヤーブリーチ,,一般,2026-08-06T07:56:17Z
49280,コートリーラヴァー・スレイヤーブーツ,,一般,2026-08-06T07:56:17Z
49281,コートリーラヴァー・ストライカーテンプルチェーン,,一般,2026-08-06T07:56:17Z
49282,コートリーラヴァー・ストライカークローク,,一般,2026-08-06T07:56:17Z
49283,コートリーラヴァー・ストライカーアームガード,,一般,2026-08-06T07:56:17Z
49284,コートリーラヴァー・ストライカーブレー,,一般,2026-08-06T07:56:17Z
49285,コートリーラヴァー・ストライカーブーツ,,一般,2026-08-06T07:56:17Z
49286,コートリーラヴァー・レンジャーヘアピン,,一般,2026-08-06T07:56:17Z
49287,コートリーラヴァー・レンジャーシャツ,,一般,2026-08-06T07:56:17Z
49289,コートリーラヴァー・レンジャートラウザー,,一般,2026-08-06T07:56:17Z
49290,コートリーラヴァー・レンジャーシューズ,,一般,2026-08-06T07:56:17Z
49292,コートリーラヴァー・スカウトシャツ,,一般,2026-08-06T07:56:17Z
49293,コートリーラヴァー・スカウトハーフグローブ,,一般,2026-08-06T07:56:17Z
49294,コートリーラヴァー・スカウトトラウザー,,一般,2026-08-06T07:56:17Z
49295,コートリーラヴァー・スカウトシューズ,,一般,2026-08-06T07:56:17Z
49296,コートリーラヴァー・ヒーラーフード,,一般,2026-08-06T07:56:17Z
49298,コートリーラヴァー・ヒーラーグローブ,,一般,2026-08-06T07:56:17Z
49299,コートリーラヴァー・ヒーラーパンタロン,,一般,2026-08-06T07:56:17Z
49300,コートリーラヴァー・ヒーラーシューズ,,一般,2026-08-06T07:56:17Z
49301,コートリーラヴァー・キャスターフード,,一般,2026-08-06T07:56:17Z
49302,コートリーラヴァー・キャスターバトルドレス,,一般,2026-08-06T07:56:17Z
49303,コートリーラヴァー・キャスターグローブ,,一般,2026-08-06T07:56:17Z
49304,コートリーラヴァー・キャスターパンタロン,,一般,2026-08-06T07:56:17Z
49305,コートリーラヴァー・キャスターシューズ,,一般,2026-08-06T07:56:17Z
49306,コートリーラヴァー・ディフェンダーイヤリング,,一般,2026-08-06T07:56:17Z
49308,コートリーラヴァー・レンジャーイヤリング,,一般,2026-08-06T07:56:17Z
49309,コートリーラヴァー・ヒーラーイヤリング,,一般,2026-08-06T07:56:17Z
49310,コートリーラヴァー・キャスターイヤリング,,一般,2026-08-06T07:56:17Z
49314,コートリーラヴァー・ヒーラーチョーカー,,一般,2026-08-06T07:56:17Z
49315,コートリーラヴァー・キャスターチョーカー,,一般,2026-08-06T07:56:17Z
49320,コートリーラヴァー・キャスターリストレット,,一般,2026-08-06T07:56:17Z
49321,コートリーラヴァー・ディフェンダーリング,,一般,2026-08-06T07:56:17Z
49323,コートリーラヴァー・レンジャーリング,,一般,2026-08-06T07:56:17Z
49325,コートリーラヴァー・キャスターリング,,一般,2026-08-06T07:56:17Z
49365,コートリーラヴァー・ディフェンダーサーコートSP,,一般,2026-08-06T07:56:17Z
49826,クレセントマギ・ファイターイヤリング,,一般,2026-08-06T07:56:17Z
49827,クレセントマギ・ファイターネックレス,,一般,2026-08-06T07:56:17Z
49828,クレセントマギ・ファイターブレスレット,,一般,2026-08-06T07:56:17Z
49829,クレセントマギ・ファイターリング,,一般,2026-08-06T07:56:17Z
49830,クレセントマギ・マスターファイターリング,,一般,2026-08-06T07:56:17Z
49831,クレセントマギ・ソーサラーイヤリング,,一般,2026-08-06T07:56:17Z
49832,クレセントマギ・ソーサラーネックレス,,一般,2026-08-06T07:56:17Z
49833,クレセントマギ・ソーサラーブレスレット,,一般,2026-08-06T07:56:17Z
49834,クレセントマギ・ソーサラーリング,,一般,2026-08-06T07:56:17Z
49835,クレセントマギ・マスターソーサラーリング,,一般,2026-08-06T07:56:17Z
49846,エバーキープ・DJブース,,一般,2026-08-06T07:56:17Z
49847,ヤーン・ウォールネオン,,一般,2026-08-06T07:56:17Z
49848,コスモベンチチェスト,,一般,2026-08-06T07:56:17Z
49858,イル・メグ・プランター,,一般,2026-08-06T07:56:17Z
49859,スモール・ルミナスマッシュルームランプ,,一般,2026-08-06T07:56:17Z
50054,霊性粘土,,一般,2026-08-06T07:56:17Z
50055,属性添加用部材,,一般,2026-08-06T07:56:17Z
50056,属性添加用金属材,,一般,2026-08-06T07:56:17Z
50057,属性添加用合成樹脂,,一般,2026-08-06T07:56:17Z
50255,ミソスヘラルド・ロインクロス,,一般,2026-08-06T07:56:17Z
50291,ストーリーラヴァー・バンダナ,,一般,2026-08-06T07:56:17Z
50292,ストーリーラヴァー・クローク,,一般,2026-08-06T07:56:17Z
50293,ストーリーラヴァー・アームレット,,一般,2026-08-06T07:56:17Z
50294,ストーリーラヴァー・サルエル,,一般,2026-08-06T07:56:17Z
50295,ストーリーラヴァー・サンダル,,一般,2026-08-06T07:56:17Z
50296,ストーリースピナー・ヘッドドレス,,一般,2026-08-06T07:56:17Z
50297,ストーリースピナー・チェストラップ,,一般,2026-08-06T07:56:17Z
50298,ストーリースピナー・チャプレット,,一般,2026-08-06T07:56:17Z
50299,ストーリースピナー・サルエル,,一般,2026-08-06T07:56:17Z
50300,ストーリースピナー・サンダル,,一般,2026-08-06T07:56:17Z
50323,ドローニングウェイ,,一般,2026-08-06T07:56:17Z
50327,ヘアカタログ:ガイウス,,一般,2026-08-06T07:56:17Z
50334,演技教本:地団駄を踏む,,一般,2026-08-06T07:56:17Z
50337,演技教本:ほっぺたが落ちる,,一般,2026-08-06T07:56:17Z
50414,オイジュス・エネルギーパック,,一般,2026-08-06T07:56:17Z
50415,アウクセシア・エネルギーパック,,一般,2026-08-06T07:56:17Z
50435,コスモフェイス認証鍵,,一般,2026-08-06T07:56:17Z
50437,ダイナマイト・ホイッスル,,一般,2026-08-06T07:56:17Z
50438,魔人のランプ,,一般,2026-08-06T07:56:17Z
50441,局地用パワーローダー認証鍵,,一般,2026-08-06T07:56:17Z
50442,コスモ・アームドウェポン認証鍵,,一般,2026-08-06T07:56:17Z
50447,ノーブル・マジックカーペット,,一般,2026-08-06T07:56:17Z
50455,スタイルカタログ:ホログラス,,一般,2026-08-06T07:56:17Z
50458,スタイルカタログ:ホロゴーグル,,一般,2026-08-06T07:56:17Z
50788,オーケストリオン譜:The Mirror,,一般,2026-08-06T07:56:17Z
50789,オーケストリオン譜:Absolute Tyranny,,一般,2026-08-06T07:56:17Z
50790,オーケストリオン譜:Everything Burns,,一般,2026-08-06T07:56:17Z
50794,オーケストリオン譜:踏みにじられた心,,一般,2026-08-06T07:56:17Z
50796,オーケストリオン譜:永久への耽溺,,一般,2026-08-06T07:56:17Z
50824,柔らかそうな海獣,,一般,2026-08-06T07:56:17Z
50829,惑星オイジュス探索計画の証書,,一般,2026-08-06T07:56:17Z
50970,包丁研磨用砥石,,一般,2026-08-06T07:56:17Z
50971,包丁強化用グリップ材,,一般,2026-08-06T07:56:17Z
50972,包丁強化用合金,,一般,2026-08-06T07:56:17Z
50973,包丁研磨用オイル,,一般,2026-08-06T07:56:17Z
51251,ラティスウィンドウ・ベンチ,,一般,2026-08-06T07:56:17Z
51255,エバーキープ・ローベッド,,一般,2026-08-06T07:56:17Z
51256,エバーキープ・ソファ,,一般,2026-08-06T07:56:17Z
51257,エバーキープ・ラウンドソファ,,一般,2026-08-06T07:56:17Z
51260,エバーキープ・サイドボード,,一般,2026-08-06T07:56:17Z
51263,エバーキープ・ステレオ,,一般,2026-08-06T07:56:17Z
51264,エバーキープ・ウォールマウント,,一般,2026-08-06T07:56:17Z
51266,エバーキープ・キッチンカウンター,,一般,2026-08-06T07:56:17Z
51267,エバーキープ・パーティション,,一般,2026-08-06T07:56:17Z
51272,ルインド・アクアダクト,,一般,2026-08-06T07:56:17Z
51282,翼竜の化石標本,,一般,2026-08-06T07:56:17Z
51283,クレセント・ストーンピラー,,一般,2026-08-06T07:56:17Z
51285,クレセント・ディスプレイケース,,一般,2026-08-06T07:56:17Z
51287,クレセント・イエローストーン,,一般,2026-08-06T07:56:17Z
51288,クレセント・レッドストーン,,一般,2026-08-06T07:56:17Z
51952,トゥール・チュニック,,一般,2026-08-06T07:56:17Z
51953,トゥール・ハーフグローブ,,一般,2026-08-06T07:56:17Z
51957,トルナ・チュニック,,一般,2026-08-06T07:56:17Z
51960,トルナ・ブーツ,,一般,2026-08-06T07:56:17Z
51962,カーウェン・チュニック,,一般,2026-08-06T07:56:17Z
51965,カーウェン・ブーツ,,一般,2026-08-06T07:56:17Z
52091,惑星アウクセシア探索計画の証書,,一般,2026-08-06T07:56:17Z
52255,カララント:アディショナルカラー1,,一般,2026-08-06T07:56:17Z
52256,カララント:アディショナルカラー2,,一般,2026-08-06T07:56:17Z
52257,スペースリフキン・ホイッスル,,一般,2026-08-06T07:56:17Z
52264,クワイエット・コリブリ・ホイッスル,,一般,2026-08-06T07:56:17Z
52266,ダックポーター・ホイッスル,,一般,2026-08-06T07:56:17Z
52268,コスモ・プレデター認証鍵,,一般,2026-08-06T07:56:17Z
52271,掘採型パワーローダー認証鍵,,一般,2026-08-06T07:56:17Z
52272,グレーホイールローダー起動鍵,,一般,2026-08-06T07:56:17Z
52276,カプリーヌ,,一般,2026-08-06T07:56:17Z
52284,ニーム・オーロサパ,,一般,2026-08-06T07:56:17Z
52285,ニヒリティ・バード,,一般,2026-08-06T07:56:17Z
52286,ピクニック・バード,,一般,2026-08-06T07:56:17Z
52288,スコップ,,一般,2026-08-06T07:56:17Z
52289,アンティーク・ランタン,,一般,2026-08-06T07:56:17Z
52292,演技教本:高笑い,,一般,2026-08-06T07:56:17Z
52295,演技教本:後ろを振り返る,,一般,2026-08-06T07:56:17Z
52357,オーケストリオン譜:笑顔を護るために,,一般,2026-08-06T07:56:17Z
52358,オーケストリオン譜:それぞれの旅路へ,,一般,2026-08-06T07:56:17Z
52359,オーケストリオン譜:ランドスケーピング,,一般,2026-08-06T07:56:17Z
52366,オーケストリオン譜:ダンジョン,,一般,2026-08-06T07:56:17Z
52419,コスモエクスプローラー・ジャケット,,一般,2026-08-06T07:56:17Z
52422,コスモエクスプローラー・ブーツ,,一般,2026-08-06T07:56:17Z
52425,コスモオペレーター・カバーオール,,一般,2026-08-06T07:56:17Z
52440,ヘアカタログ:ブレイドバン,,一般,2026-08-06T07:56:17Z
52442,スタイルカタログ:ベルトアイガード:左,,一般,2026-08-06T07:56:17Z
52605,コスモオペレーター・チェスト,,一般,2026-08-06T07:56:17Z
52612,プレーンフーディー,,一般,2026-08-06T07:56:17Z
52613,プレーンフーディー:オーバーサイズ,,一般,2026-08-06T07:56:17Z
52615,サキュバスフーディー,,一般,2026-08-06T07:56:17Z
52616,サキュバスフーディー:オーバーサイズ,,一般,2026-08-06T07:56:17Z
52617,サキュバスフーディー:タイトサイズ,,一般,2026-08-06T07:56:17Z
52618,フェスティバルフーディー,,一般,2026-08-06T07:56:17Z
52623,バギー・ツイルパンツ,,一般,2026-08-06T07:56:17Z
52629,ウォッシュドバギー・ツイルパンツ,,一般,2026-08-06T07:56:17Z
52632,耐候性合板,,一般,2026-08-06T07:56:17Z
52633,虚無の触腕,,一般,2026-08-06T07:56:17Z
52643,ルインド・アクアダクトの錬金樹脂,,一般,2026-08-06T07:56:17Z
52648,オーケストリオン譜:ブリリアンスキャロット,,一般,2026-08-06T07:56:17Z
