scope,item_key,item_id,item_name,quality,added_at,last_velocity,is_active
,,49304,,,2026-08-06T07:29:22Z,,1
,,9737,,,2026-08-06T07:29:22Z,,1
,,23888,,,2026-08-06T07:29:22Z,,1
,,46102,,,2026-08-06T07:29:22Z,,1
,,12551,,,2026-08-06T07:29:22Z,,1
,,46077,,,2026-08-06T07:29:22Z,,1
,,9518,,,2026-08-06T07:29:22Z,,1
,,5075,,,2026-08-06T07:29:22Z,,1
,,47196,,,2026-08-06T07:29:22Z,,1
,,52295,,,2026-08-06T07:29:22Z,,1
,,41780,,,2026-08-06T07:29:22Z,,1
,,48108,,,2026-08-06T07:29:22Z,,1
,,15927,,,2026-08-06T07:29:22Z,,1
,,37348,,,2026-08-06T07:29:22Z,,1
,,50056,,,2026-08-06T07:29:22Z,,1
,,46038,,,2026-08-06T07:29:22Z,,1
,,52286,,,2026-08-06T07:29:22Z,,1
,,14188,,,2026-08-06T07:29:22Z,,1
,,47201,,,2026-08-06T07:29:22Z,,1
,,5584,,,2026-08-06T07:29:22Z,,1
,,52616,,,2026-08-06T07:29:22Z,,1
,,44169,,,2026-08-06T07:29:22Z,,1
,,18370,,,2026-08-06T07:29:22Z,,1
,,52255,,,2026-08-06T07:29:22Z,,1
,,2445,,,2026-08-06T07:29:22Z,,1
,,35059,,,2026-08-06T07:29:22Z,,1
,,47198,,,2026-08-06T07:29:22Z,,1
,,51256,,,2026-08-06T07:29:22Z,,1
,,41499,,,2026-08-06T07:29:22Z,,1
,,16,,,2026-08-06T07:29:22Z,,1
,,36099,,,2026-08-06T07:29:22Z,,1
,,44504,,,2026-08-06T07:29:22Z,,1
,,40632,,,2026-08-06T07:29:22Z,,1
,,51263,,,2026-08-06T07:29:22Z,,1
,,19032,,,2026-08-06T07:29:22Z,,1
,,27716,,,2026-08-06T07:29:22Z,,1
,,12114,,,2026-08-06T07:29:22Z,,1
,,52292,,,2026-08-06T07:29:22Z,,1
,,51962,,,2026-08-06T07:29:22Z,,1
,,7008,,,2026-08-06T07:29:22Z,,1
,,13115,,,2026-08-06T07:29:22Z,,1
,,17,,,2026-08-06T07:29:22Z,,1
,,4222,,,2026-08-06T07:29:22Z,,1
,,38565,,,2026-08-06T07:29:22Z,,1
,,45992,,,2026-08-06T07:29:22Z,,1
,,46039,,,2026-08-06T07:29:22Z,,1
,,12591,,,2026-08-06T07:29:22Z,,1
,,33916,,,2026-08-06T07:29:22Z,,1
,,20684,,,2026-08-06T07:29:22Z,,1
,,27836,,,2026-08-06T07:29:22Z,,1
,,50447,,,2026-08-06T07:29:22Z,,1
,,32802,,,2026-08-06T07:29:22Z,,1
,,14172,,,2026-08-06T07:29:22Z,,1
,,41494,,,2026-08-06T07:29:22Z,,1
,,23023,,,2026-08-06T07:29:22Z,,1
,,49310,,,2026-08-06T07:29:22Z,,1
,,36086,,,2026-08-06T07:29:22Z,,1
,,35058,,,2026-08-06T07:29:22Z,,1
,,5059,,,2026-08-06T07:29:22Z,,1
,,5718,,,2026-08-06T07:29:22Z,,1
,,5558,,,2026-08-06T07:29:22Z,,1
,,47197,,,2026-08-06T07:29:22Z,,1
,,50057,,,2026-08-06T07:29:22Z,,1
,,46022,,,2026-08-06T07:29:22Z,,1
,,35073,,,2026-08-06T07:29:22Z,,1
,,48161,,,2026-08-06T07:29:22Z,,1
,,47193,,,2026-08-06T07:29:22Z,,1
,,27968,,,2026-08-06T07:29:22Z,,1
,,49274,,,2026-08-06T07:29:22Z,,1
,,44011,,,2026-08-06T07:29:22Z,,1
,,15858,,,2026-08-06T07:29:22Z,,1
,,29680,,,2026-08-06T07:29:22Z,,1
,,44004,,,2026-08-06T07:29:22Z,,1
,,44873,,,2026-08-06T07:29:22Z,,1
,,27831,,,2026-08-06T07:29:22Z,,1
,,10097,,,2026-08-06T07:29:22Z,,1
,,2000,,,2026-08-06T07:29:22Z,,1
,,43556,,,2026-08-06T07:29:22Z,,1
,,20531,,,2026-08-06T07:29:22Z,,1
,,27698,,,2026-08-06T07:29:22Z,,1
,,33116,,,2026-08-06T07:29:22Z,,1
,,40390,,,2026-08-06T07:29:22Z,,1
,,52288,,,2026-08-06T07:29:22Z,,1
,,46083,,,2026-08-06T07:29:22Z,,1
,,13758,,,2026-08-06T07:29:22Z,,1
,,50442,,,2026-08-06T07:29:22Z,,1
,,49834,,,2026-08-06T07:29:22Z,,1
,,50055,,,2026-08-06T07:29:22Z,,1
,,51266,,,2026-08-06T07:29:22Z,,1
,,35577,,,2026-08-06T07:29:22Z,,1
,,44028,,,2026-08-06T07:29:22Z,,1
,,48113,,,2026-08-06T07:29:22Z,,1
,,2792,,,2026-08-06T07:29:22Z,,1
,,49280,,,2026-08-06T07:29:22Z,,1
,,28859,,,2026-08-06T07:29:22Z,,1
,,5674,,,2026-08-06T07:29:22Z,,1
,,12567,,,2026-08-06T07:29:22Z,,1
,,8165,,,2026-08-06T07:29:22Z,,1
,,36229,,,2026-08-06T07:29:22Z,,1
,,52256,,,2026-08-06T07:29:22Z,,1
,,18387,,,2026-08-06T07:29:22Z,,1
,,10526,,,2026-08-06T07:29:22Z,,1
,,41110,,,2026-08-06T07:29:22Z,,1
,,19877,,,2026-08-06T07:29:22Z,,1
,,44151,,,2026-08-06T07:29:22Z,,1
,,49835,,,2026-08-06T07:29:22Z,,1
,,51952,,,2026-08-06T07:29:22Z,,1
,,12658,,,2026-08-06T07:29:22Z,,1
,,49315,,,2026-08-06T07:29:22Z,,1
,,49235,,,2026-08-06T07:29:22Z,,1
,,46073,,,2026-08-06T07:29:22Z,,1
,,18,,,2026-08-06T07:29:22Z,,1
,,46078,,,2026-08-06T07:29:22Z,,1
,,34592,,,2026-08-06T07:29:22Z,,1
,,48214,,,2026-08-06T07:29:22Z,,1
,,23836,,,2026-08-06T07:29:22Z,,1
,,21052,,,2026-08-06T07:29:22Z,,1
,,15533,,,2026-08-06T07:29:22Z,,1
,,35981,,,2026-08-06T07:29:22Z,,1
,,27711,,,2026-08-06T07:29:22Z,,1
,,49283,,,2026-08-06T07:29:22Z,,1
,,41769,,,2026-08-06T07:29:22Z,,1
,,46028,,,2026-08-06T07:29:22Z,,1
,,39720,,,2026-08-06T07:29:22Z,,1
,,50438,,,2026-08-06T07:29:22Z,,1
,,47192,,,2026-08-06T07:29:22Z,,1
,,7158,,,2026-08-06T07:29:22Z,,1
,,1855,,,2026-08-06T07:29:22Z,,1
,,19949,,,2026-08-06T07:29:22Z,,1
,,49264,,,2026-08-06T07:29:22Z,,1
,,2624,,,2026-08-06T07:29:22Z,,1
,,50414,,,2026-08-06T07:29:22Z,,1
,,13,,,2026-08-06T07:29:22Z,,1
,,19565,,,2026-08-06T07:29:22Z,,1
,,5336,,,2026-08-06T07:29:22Z,,1
,,28160,,,2026-08-06T07:29:22Z,,1
,,40388,,,2026-08-06T07:29:22Z,,1
,,8456,,,2026-08-06T07:29:22Z,,1
,,15,,,2026-08-06T07:29:22Z,,1
,,30893,,,2026-08-06T07:29:22Z,,1
,,6527,,,2026-08-06T07:29:22Z,,1
,,27693,,,2026-08-06T07:29:22Z,,1
,,12631,,,2026-08-06T07:29:22Z,,1
,,49832,,,2026-08-06T07:29:22Z,,1
,,5491,,,2026-08-06T07:29:22Z,,1
,,41896,,,2026-08-06T07:29:22Z,,1
,,36060,,,2026-08-06T07:29:22Z,,1
,,50437,,,2026-08-06T07:29:22Z,,1
,,5371,,,2026-08-06T07:29:22Z,,1
,,49279,,,2026-08-06T07:29:22Z,,1
,,3870,,,2026-08-06T07:29:22Z,,1
,,33285,,,2026-08-06T07:29:22Z,,1
,,4812,,,2026-08-06T07:29:22Z,,1
,,5174,,,2026-08-06T07:29:22Z,,1
,,52289,,,2026-08-06T07:29:22Z,,1
,,45972,,,2026-08-06T07:29:22Z,,1
,,13708,,,2026-08-06T07:29:22Z,,1
,,52264,,,2026-08-06T07:29:22Z,,1
,,5545,,,2026-08-06T07:29:22Z,,1
,,36249,,,2026-08-06T07:29:22Z,,1
,,37786,,,2026-08-06T07:29:22Z,,1
,,39494,,,2026-08-06T07:29:22Z,,1
,,46068,,,2026-08-06T07:29:22Z,,1
,,48096,,,2026-08-06T07:29:22Z,,1
,,49275,,,2026-08-06T07:29:22Z,,1
,,5359,,,2026-08-06T07:29:22Z,,1
,,44045,,,2026-08-06T07:29:22Z,,1
,,49831,,,2026-08-06T07:29:22Z,,1
,,49305,,,2026-08-06T07:29:22Z,,1
,,51282,,,2026-08-06T07:29:22Z,,1
,,36611,,,2026-08-06T07:29:22Z,,1
,,51957,,,2026-08-06T07:29:22Z,,1
,,51257,,,2026-08-06T07:29:22Z,,1
,,11,,,2026-08-06T07:29:22Z,,1
,,15945,,,2026-08-06T07:29:22Z,,1
,,23349,,,2026-08-06T07:29:22Z,,1
,,49227,,,2026-08-06T07:29:22Z,,1
,,47185,,,2026-08-06T07:29:22Z,,1
,,52276,,,2026-08-06T07:29:22Z,,1
,,27717,,,2026-08-06T07:29:22Z,,1
,,33656,,,2026-08-06T07:29:22Z,,1
,,5064,,,2026-08-06T07:29:22Z,,1
,,30112,,,2026-08-06T07:29:22Z,,1
,,47191,,,2026-08-06T07:29:22Z,,1
,,43987,,,2026-08-06T07:29:22Z,,1
,,47701,,,2026-08-06T07:29:22Z,,1
,,51283,,,2026-08-06T07:29:22Z,,1
,,32937,,,2026-08-06T07:29:22Z,,1
,,7022,,,2026-08-06T07:29:22Z,,1
,,24257,,,2026-08-06T07:29:22Z,,1
,,27721,,,2026-08-06T07:29:22Z,,1
,,50435,,,2026-08-06T07:29:22Z,,1
,,3771,,,2026-08-06T07:29:22Z,,1
,,18362,,,2026-08-06T07:29:22Z,,1
,,2585,,,2026-08-06T07:29:22Z,,1
,,5673,,,2026-08-06T07:29:22Z,,1
,,4782,,,2026-08-06T07:29:22Z,,1
,,23892,,,2026-08-06T07:29:22Z,,1
,,6161,,,2026-08-06T07:29:22Z,,1
,,46040,,,2026-08-06T07:29:22Z,,1
,,31406,,,2026-08-06T07:29:22Z,,1
,,50327,,,2026-08-06T07:29:22Z,,1
,,49292,,,2026-08-06T07:29:22Z,,1
,,19906,,,2026-08-06T07:29:22Z,,1
,,52648,,,2026-08-06T07:29:22Z,,1
,,27742,,,2026-08-06T07:29:22Z,,1
,,49832,,,2026-08-06T07:29:22Z,,1
,,12596,,,2026-08-06T07:29:22Z,,1
,,46855,,,2026-08-06T07:29:22Z,,1
,,52419,,,2026-08-06T07:29:22Z,,1
,,47919,,,2026-08-06T07:29:22Z,,1
,,41829,,,2026-08-06T07:29:22Z,,1
,,43859,,,2026-08-06T07:29:22Z,,1
,,2731,,,2026-08-06T07:29:22Z,,1
,,27274,,,2026-08-06T07:29:22Z,,1
,,4650,,,2026-08-06T07:29:22Z,,1
,,36228,,,2026-08-06T07:29:22Z,,1
,,8561,,,2026-08-06T07:29:22Z,,1
,,8557,,,2026-08-06T07:29:22Z,,1
,,49240,,,2026-08-06T07:29:22Z,,1
,,48162,,,2026-08-06T07:29:22Z,,1
,,52440,,,2026-08-06T07:29:22Z,,1
,,31892,,,2026-08-06T07:29:22Z,,1
,,2228,,,2026-08-06T07:29:22Z,,1
,,5068,,,2026-08-06T07:29:22Z,,1
,,12109,,,2026-08-06T07:29:22Z,,1
,,33245,,,2026-08-06T07:29:22Z,,1
,,5116,,,2026-08-06T07:29:22Z,,1
,,33037,,,2026-08-06T07:29:22Z,,1
,,41774,,,2026-08-06T07:29:22Z,,1
,,28615,,,2026-08-06T07:29:22Z,,1
,,46856,,,2026-08-06T07:29:22Z,,1
,,49259,,,2026-08-06T07:29:22Z,,1
,,32936,,,2026-08-06T07:29:22Z,,1
,,47197,,,2026-08-06T07:29:22Z,,1
,,36080,,,2026-08-06T07:29:22Z,,1
,,5669,,,2026-08-06T07:29:22Z,,1
,,12543,,,2026-08-06T07:29:22Z,,1
,,30378,,,2026-08-06T07:29:22Z,,1
,,13114,,,2026-08-06T07:29:22Z,,1
,,44162,,,2026-08-06T07:29:22Z,,1
,,39484,,,2026-08-06T07:29:22Z,,1
,,49220,,,2026-08-06T07:29:22Z,,1
,,43961,,,2026-08-06T07:29:22Z,,1
,,48096,,,2026-08-06T07:29:22Z,,1
,,10,,,2026-08-06T07:29:22Z,,1
,,36237,,,2026-08-06T07:29:22Z,,1
,,46063,,,2026-08-06T07:29:22Z,,1
,,18203,,,2026-08-06T07:29:22Z,,1
,,44179,,,2026-08-06T07:29:22Z,,1
,,50455,,,2026-08-06T07:29:22Z,,1
,,13708,,,2026-08-06T07:29:22Z,,1
,,49830,,,2026-08-06T07:29:22Z,,1
,,37360,,,2026-08-06T07:29:22Z,,1
,,43984,,,2026-08-06T07:29:22Z,,1
,,15834,,,2026-08-06T07:29:22Z,,1
,,23002,,,2026-08-06T07:29:22Z,,1
,,49295,,,2026-08-06T07:29:22Z,,1
,,50971,,,2026-08-06T07:29:22Z,,1
,,24224,,,2026-08-06T07:29:22Z,,1
,,50972,,,2026-08-06T07:29:22Z,,1
,,5678,,,2026-08-06T07:29:22Z,,1
,,46246,,,2026-08-06T07:29:22Z,,1
,,7970,,,2026-08-06T07:29:22Z,,1
,,49320,,,2026-08-06T07:29:22Z,,1
,,44004,,,2026-08-06T07:29:22Z,,1
,,16751,,,2026-08-06T07:29:22Z,,1
,,10373,,,2026-08-06T07:29:22Z,,1
,,33038,,,2026-08-06T07:29:22Z,,1
,,46857,,,2026-08-06T07:29:22Z,,1
,,43851,,,2026-08-06T07:29:22Z,,1
,,5484,,,2026-08-06T07:29:22Z,,1
,,49286,,,2026-08-06T07:29:22Z,,1
,,19940,,,2026-08-06T07:29:22Z,,1
,,24233,,,2026-08-06T07:29:22Z,,1
,,47979,,,2026-08-06T07:29:22Z,,1
,,20011,,,2026-08-06T07:29:22Z,,1
,,20747,,,2026-08-06T07:29:22Z,,1
,,52268,,,2026-08-06T07:29:22Z,,1
,,35812,,,2026-08-06T07:29:22Z,,1
,,8049,,,2026-08-06T07:29:22Z,,1
,,52255,,,2026-08-06T07:29:22Z,,1
,,32798,,,2026-08-06T07:29:22Z,,1
,,44147,,,2026-08-06T07:29:22Z,,1
,,10591,,,2026-08-06T07:29:22Z,,1
,,12895,,,2026-08-06T07:29:22Z,,1
,,32858,,,2026-08-06T07:29:22Z,,1
,,45986,,,2026-08-06T07:29:22Z,,1
,,44048,,,2026-08-06T07:29:22Z,,1
,,37814,,,2026-08-06T07:29:22Z,,1
,,23369,,,2026-08-06T07:29:22Z,,1
,,52359,,,2026-08-06T07:29:22Z,,1
,,49294,,,2026-08-06T07:29:22Z,,1
,,50447,,,2026-08-06T07:29:22Z,,1
,,48209,,,2026-08-06T07:29:22Z,,1
,,28975,,,2026-08-06T07:29:22Z,,1
,,49235,,,2026-08-06T07:29:22Z,,1
,,52295,,,2026-08-06T07:29:22Z,,1
,,44030,,,2026-08-06T07:29:22Z,,1
,,8048,,,2026-08-06T07:29:22Z,,1
,,52612,,,2026-08-06T07:29:22Z,,1
,,41759,,,2026-08-06T07:29:22Z,,1
,,51960,,,2026-08-06T07:29:22Z,,1
,,12610,,,2026-08-06T07:29:22Z,,1
,,31998,,,2026-08-06T07:29:22Z,,1
,,37826,,,2026-08-06T07:29:22Z,,1
,,24299,,,2026-08-06T07:29:22Z,,1
,,42923,,,2026-08-06T07:29:22Z,,1
,,28590,,,2026-08-06T07:29:22Z,,1
,,5300,,,2026-08-06T07:29:22Z,,1
,,28642,,,2026-08-06T07:29:22Z,,1
,,44008,,,2026-08-06T07:29:22Z,,1
,,28998,,,2026-08-06T07:29:22Z,,1
,,49249,,,2026-08-06T07:29:22Z,,1
,,43557,,,2026-08-06T07:29:22Z,,1
,,21800,,,2026-08-06T07:29:22Z,,1
,,38453,,,2026-08-06T07:29:22Z,,1
,,27908,,,2026-08-06T07:29:22Z,,1
,,31989,,,2026-08-06T07:29:22Z,,1
,,45968,,,2026-08-06T07:29:22Z,,1
,,27795,,,2026-08-06T07:29:22Z,,1
,,38553,,,2026-08-06T07:29:22Z,,1
,,32828,,,2026-08-06T07:29:22Z,,1
,,51962,,,2026-08-06T07:29:22Z,,1
,,32934,,,2026-08-06T07:29:22Z,,1
,,10386,,,2026-08-06T07:29:22Z,,1
,,51283,,,2026-08-06T07:29:22Z,,1
,,34139,,,2026-08-06T07:29:22Z,,1
,,36212,,,2026-08-06T07:29:22Z,,1
,,33274,,,2026-08-06T07:29:22Z,,1
,,16703,,,2026-08-06T07:29:22Z,,1
,,49264,,,2026-08-06T07:29:22Z,,1
,,49315,,,2026-08-06T07:29:22Z,,1
,,45983,,,2026-08-06T07:29:22Z,,1
,,49835,,,2026-08-06T07:29:22Z,,1
,,24818,,,2026-08-06T07:29:22Z,,1
,,41761,,,2026-08-06T07:29:22Z,,1
,,46852,,,2026-08-06T07:29:22Z,,1
,,23027,,,2026-08-06T07:29:22Z,,1
,,5671,,,2026-08-06T07:29:22Z,,1
,,8,,,2026-08-06T07:29:22Z,,1
,,39702,,,2026-08-06T07:29:22Z,,1
,,44032,,,2026-08-06T07:29:22Z,,1
,,18661,,,2026-08-06T07:29:22Z,,1
,,44012,,,2026-08-06T07:29:22Z,,1
,,29685,,,2026-08-06T07:29:22Z,,1
,,27672,,,2026-08-06T07:29:22Z,,1
,,48208,,,2026-08-06T07:29:22Z,,1
,,46854,,,2026-08-06T07:29:22Z,,1
,,48156,,,2026-08-06T07:29:22Z,,1
,,36194,,,2026-08-06T07:29:22Z,,1
,,46052,,,2026-08-06T07:29:22Z,,1
,,8147,,,2026-08-06T07:29:22Z,,1
,,5346,,,2026-08-06T07:29:22Z,,1
,,20476,,,2026-08-06T07:29:22Z,,1
,,26496,,,2026-08-06T07:29:22Z,,1
,,33655,,,2026-08-06T07:29:22Z,,1
,,31322,,,2026-08-06T07:29:22Z,,1
,,7671,,,2026-08-06T07:29:22Z,,1
,,36091,,,2026-08-06T07:29:22Z,,1
,,2151,,,2026-08-06T07:29:22Z,,1
,,24902,,,2026-08-06T07:29:22Z,,1
,,7963,,,2026-08-06T07:29:22Z,,1
,,49254,,,2026-08-06T07:29:22Z,,1
,,44145,,,2026-08-06T07:29:22Z,,1
,,39712,,,2026-08-06T07:29:22Z,,1
,,38570,,,2026-08-06T07:29:22Z,,1
,,20774,,,2026-08-06T07:29:22Z,,1
,,27696,,,2026-08-06T07:29:22Z,,1
,,33769,,,2026-08-06T07:29:22Z,,1
,,24816,,,2026-08-06T07:29:22Z,,1
,,11877,,,2026-08-06T07:29:22Z,,1
,,49234,,,2026-08-06T07:29:22Z,,1
,,20477,,,2026-08-06T07:29:22Z,,1
,,48111,,,2026-08-06T07:29:22Z,,1
,,24501,,,2026-08-06T07:29:22Z,,1
,,44041,,,2026-08-06T07:29:22Z,,1
,,4955,,,2026-08-06T07:29:22Z,,1
,,5486,,,2026-08-06T07:29:22Z,,1
,,51285,,,2026-08-06T07:29:22Z,,1
,,47896,,,2026-08-06T07:29:22Z,,1
,,49310,,,2026-08-06T07:29:22Z,,1
,,36043,,,2026-08-06T07:29:22Z,,1
,,35559,,,2026-08-06T07:29:22Z,,1
,,45976,,,2026-08-06T07:29:22Z,,1
,,5532,,,2026-08-06T07:29:22Z,,1
,,46061,,,2026-08-06T07:29:22Z,,1
,,52292,,,2026-08-06T07:29:22Z,,1
,,41757,,,2026-08-06T07:29:22Z,,1
,,49302,,,2026-08-06T07:29:22Z,,1
,,49279,,,2026-08-06T07:29:22Z,,1
,,15921,,,2026-08-06T07:29:22Z,,1
,,5477,,,2026-08-06T07:29:22Z,,1
,,50054,,,2026-08-06T07:29:22Z,,1
,,44009,,,2026-08-06T07:29:22Z,,1
,,32830,,,2026-08-06T07:29:22Z,,1
,,44019,,,2026-08-06T07:29:22Z,,1
,,36838,,,2026-08-06T07:29:22Z,,1
,,52285,,,2026-08-06T07:29:22Z,,1
,,16,,,2026-08-06T07:29:22Z,,1
,,13718,,,2026-08-06T07:29:22Z,,1
,,49283,,,2026-08-06T07:29:22Z,,1
,,44031,,,2026-08-06T07:29:22Z,,1
,,39591,,,2026-08-06T07:29:22Z,,1
,,17836,,,2026-08-06T07:29:22Z,,1
,,41774,,,2026-08-06T07:29:22Z,,1
,,7958,,,2026-08-06T07:29:22Z,,1
,,43997,,,2026-08-06T07:29:22Z,,1
,,14152,,,2026-08-06T07:29:22Z,,1
,,46185,,,2026-08-06T07:29:22Z,,1
,,47336,,,2026-08-06T07:29:22Z,,1
,,20471,,,2026-08-06T07:29:22Z,,1
,,6,,,2026-08-06T07:29:22Z,,1
,,24233,,,2026-08-06T07:29:22Z,,1
,,7107,,,2026-08-06T07:29:22Z,,1
,,45027,,,2026-08-06T07:29:22Z,,1
,,36057,,,2026-08-06T07:29:22Z,,1
,,51957,,,2026-08-06T07:29:22Z,,1
,,39674,,,2026-08-06T07:29:22Z,,1
,,49287,,,2026-08-06T07:29:22Z,,1
,,8184,,,2026-08-06T07:29:22Z,,1
,,38451,,,2026-08-06T07:29:22Z,,1
,,33933,,,2026-08-06T07:29:22Z,,1
,,7906,,,2026-08-06T07:29:22Z,,1
,,16,,,2026-08-06T07:29:22Z,,1
,,21867,,,2026-08-06T07:29:22Z,,1
,,46812,,,2026-08-06T07:29:22Z,,1
,,3249,,,2026-08-06T07:29:22Z,,1
,,41762,,,2026-08-06T07:29:22Z,,1
,,27687,,,2026-08-06T07:29:22Z,,1
,,28612,,,2026-08-06T07:29:22Z,,1
,,49262,,,2026-08-06T07:29:22Z,,1
,,49257,,,2026-08-06T07:29:22Z,,1
,,39675,,,2026-08-06T07:29:22Z,,1
,,5673,,,2026-08-06T07:29:22Z,,1
,,8162,,,2026-08-06T07:29:22Z,,1
,,10,,,2026-08-06T07:29:22Z,,1
,,4699,,,2026-08-06T07:29:22Z,,1
,,36080,,,2026-08-06T07:29:22Z,,1
,,49250,,,2026-08-06T07:29:22Z,,1
,,13061,,,2026-08-06T07:29:22Z,,1
,,2547,,,2026-08-06T07:29:22Z,,1
,,19987,,,2026-08-06T07:29:22Z,,1
,,3870,,,2026-08-06T07:29:22Z,,1
,,27835,,,2026-08-06T07:29:22Z,,1
,,26121,,,2026-08-06T07:29:22Z,,1
,,8193,,,2026-08-06T07:29:22Z,,1
,,46808,,,2026-08-06T07:29:22Z,,1
,,52255,,,2026-08-06T07:29:22Z,,1
,,27865,,,2026-08-06T07:29:22Z,,1
,,49847,,,2026-08-06T07:29:22Z,,1
,,16600,,,2026-08-06T07:29:22Z,,1
,,49296,,,2026-08-06T07:29:22Z,,1
,,4848,,,2026-08-06T07:29:22Z,,1
,,5604,,,2026-08-06T07:29:22Z,,1
,,15144,,,2026-08-06T07:29:22Z,,1
,,5,,,2026-08-06T07:29:22Z,,1
,,33903,,,2026-08-06T07:29:22Z,,1
,,29508,,,2026-08-06T07:29:22Z,,1
,,50794,,,2026-08-06T07:29:22Z,,1
,,23323,,,2026-08-06T07:29:22Z,,1
,,50447,,,2026-08-06T07:29:22Z,,1
,,47191,,,2026-08-06T07:29:22Z,,1
,,41765,,,2026-08-06T07:29:22Z,,1
,,44879,,,2026-08-06T07:29:22Z,,1
,,50788,,,2026-08-06T07:29:22Z,,1
,,41092,,,2026-08-06T07:29:22Z,,1
,,41099,,,2026-08-06T07:29:22Z,,1
,,23876,,,2026-08-06T07:29:22Z,,1
,,38450,,,2026-08-06T07:29:22Z,,1
,,2995,,,2026-08-06T07:29:22Z,,1
,,49266,,,2026-08-06T07:29:22Z,,1
,,33931,,,2026-08-06T07:29:22Z,,1
,,35084,,,2026-08-06T07:29:22Z,,1
,,44246,,,2026-08-06T07:29:22Z,,1
,,8147,,,2026-08-06T07:29:22Z,,1
,,5472,,,2026-08-06T07:29:22Z,,1
,,44048,,,2026-08-06T07:29:22Z,,1
,,28724,,,2026-08-06T07:29:22Z,,1
,,47186,,,2026-08-06T07:29:22Z,,1
,,49254,,,2026-08-06T07:29:22Z,,1
,,49275,,,2026-08-06T07:29:22Z,,1
,,41766,,,2026-08-06T07:29:22Z,,1
,,52633,,,2026-08-06T07:29:22Z,,1
,,46057,,,2026-08-06T07:29:22Z,,1
,,21795,,,2026-08-06T07:29:22Z,,1
,,32829,,,2026-08-06T07:29:22Z,,1
,,50790,,,2026-08-06T07:29:22Z,,1
,,12768,,,2026-08-06T07:29:22Z,,1
,,12594,,,2026-08-06T07:29:22Z,,1
,,49252,,,2026-08-06T07:29:22Z,,1
,,49260,,,2026-08-06T07:29:22Z,,1
,,18998,,,2026-08-06T07:29:22Z,,1
,,27717,,,2026-08-06T07:29:22Z,,1
,,16598,,,2026-08-06T07:29:22Z,,1
,,24224,,,2026-08-06T07:29:22Z,,1
,,39314,,,2026-08-06T07:29:22Z,,1
,,7029,,,2026-08-06T07:29:22Z,,1
,,15982,,,2026-08-06T07:29:22Z,,1
,,49293,,,2026-08-06T07:29:22Z,,1
,,7559,,,2026-08-06T07:29:22Z,,1
,,24508,,,2026-08-06T07:29:22Z,,1
,,46855,,,2026-08-06T07:29:22Z,,1
,,51952,,,2026-08-06T07:29:22Z,,1
,,10373,,,2026-08-06T07:29:22Z,,1
,,12843,,,2026-08-06T07:29:22Z,,1
,,52286,,,2026-08-06T07:29:22Z,,1
,,6524,,,2026-08-06T07:29:22Z,,1
,,51288,,,2026-08-06T07:29:22Z,,1
,,49306,,,2026-08-06T07:29:22Z,,1
,,19983,,,2026-08-06T07:29:22Z,,1
,,13715,,,2026-08-06T07:29:22Z,,1
,,49264,,,2026-08-06T07:29:22Z,,1
,,44044,,,2026-08-06T07:29:22Z,,1
,,8160,,,2026-08-06T07:29:22Z,,1
,,16597,,,2026-08-06T07:29:22Z,,1
,,48222,,,2026-08-06T07:29:22Z,,1
,,30113,,,2026-08-06T07:29:22Z,,1
,,45070,,,2026-08-06T07:29:22Z,,1
,,8841,,,2026-08-06T07:29:22Z,,1
,,37808,,,2026-08-06T07:29:22Z,,1
,,20477,,,2026-08-06T07:29:22Z,,1
,,13089,,,2026-08-06T07:29:22Z,,1
,,15983,,,2026-08-06T07:29:22Z,,1
,,49279,,,2026-08-06T07:29:22Z,,1
,,16819,,,2026-08-06T07:29:22Z,,1
,,33275,,,2026-08-06T07:29:22Z,,1
,,13,,,2026-08-06T07:29:22Z,,1
,,22512,,,2026-08-06T07:29:22Z,,1
,,52617,,,2026-08-06T07:29:22Z,,1
,,13307,,,2026-08-06T07:29:22Z,,1
,,47184,,,2026-08-06T07:29:22Z,,1
,,32221,,,2026-08-06T07:29:22Z,,1
,,44874,,,2026-08-06T07:29:22Z,,1
,,33932,,,2026-08-06T07:29:22Z,,1
,,22492,,,2026-08-06T07:29:22Z,,1
,,41779,,,2026-08-06T07:29:22Z,,1
,,47259,,,2026-08-06T07:29:22Z,,1
,,51965,,,2026-08-06T07:29:22Z,,1
,,3771,,,2026-08-06T07:29:22Z,,1
,,5336,,,2026-08-06T07:29:22Z,,1
,,44020,,,2026-08-06T07:29:22Z,,1
,,50442,,,2026-08-06T07:29:22Z,,1
,,9719,,,2026-08-06T07:29:22Z,,1
,,49310,,,2026-08-06T07:29:22Z,,1
,,50829,,,2026-08-06T07:29:22Z,,1
,,13717,,,2026-08-06T07:29:22Z,,1
,,39474,,,2026-08-06T07:29:22Z,,1
,,43858,,,2026-08-06T07:29:22Z,,1
,,49259,,,2026-08-06T07:29:22Z,,1
,,40652,,,2026-08-06T07:29:22Z,,1
,,28591,,,2026-08-06T07:29:22Z,,1
,,33657,,,2026-08-06T07:29:22Z,,1
,,7064,,,2026-08-06T07:29:22Z,,1
,,14942,,,2026-08-06T07:29:22Z,,1
,,7763,,,2026-08-06T07:29:22Z,,1
,,49273,,,2026-08-06T07:29:22Z,,1
,,19943,,,2026-08-06T07:29:22Z,,1
,,51263,,,2026-08-06T07:29:22Z,,1
,,46246,,,2026-08-06T07:29:22Z,,1
,,29497,,,2026-08-06T07:29:22Z,,1
,,48096,,,2026-08-06T07:29:22Z,,1
,,23890,,,2026-08-06T07:29:22Z,,1
,,49831,,,2026-08-06T07:29:22Z,,1
,,8145,,,2026-08-06T07:29:22Z,,1
,,44157,,,2026-08-06T07:29:22Z,,1
,,6603,,,2026-08-06T07:29:22Z,,1
,,43986,,,2026-08-06T07:29:22Z,,1
,,29680,,,2026-08-06T07:29:22Z,,1
,,5510,,,2026-08-06T07:29:22Z,,1
,,24008,,,2026-08-06T07:29:22Z,,1
,,45998,,,2026-08-06T07:29:22Z,,1
,,34734,,,2026-08-06T07:29:22Z,,1
,,49828,,,2026-08-06T07:29:22Z,,1
,,41760,,,2026-08-06T07:29:22Z,,1
,,4,,,2026-08-06T07:29:22Z,,1
,,15927,,,2026-08-06T07:29:22Z,,1
,,45968,,,2026-08-06T07:29:22Z,,1
,,49251,,,2026-08-06T07:29:22Z,,1
,,23349,,,2026-08-06T07:29:22Z,,1
,,36838,,,2026-08-06T07:29:22Z,,1
,,41780,,,2026-08-06T07:29:22Z,,1
,,49276,,,2026-08-06T07:29:22Z,,1
,,35556,,,2026-08-06T07:29:22Z,,1
,,46854,,,2026-08-06T07:29:22Z,,1
,,7044,,,2026-08-06T07:29:22Z,,1
,,3,,,2026-08-06T07:29:22Z,,1
,,19658,,,2026-08-06T07:29:22Z,,1
,,27767,,,2026-08-06T07:29:22Z,,1
,,13721,,,2026-08-06T07:29:22Z,,1
,,28809,,,2026-08-06T07:29:22Z,,1
,,8183,,,2026-08-06T07:29:22Z,,1
,,5414,,,2026-08-06T07:29:22Z,,1
,,47185,,,2026-08-06T07:29:22Z,,1
,,50441,,,2026-08-06T07:29:22Z,,1
,,12851,,,2026-08-06T07:29:22Z,,1
,,6174,,,2026-08-06T07:29:22Z,,1
,,50789,,,2026-08-06T07:29:22Z,,1
,,37357,,,2026-08-06T07:29:22Z,,1
,,49308,,,2026-08-06T07:29:22Z,,1
,,31630,,,2026-08-06T07:29:22Z,,1
,,3165,,,2026-08-06T07:29:22Z,,1
,,48189,,,2026-08-06T07:29:22Z,,1
,,41761,,,2026-08-06T07:29:22Z,,1
,,44051,,,2026-08-06T07:29:22Z,,1
,,31401,,,2026-08-06T07:29:22Z,,1
,,52632,,,2026-08-06T07:29:22Z,,1
,,47182,,,2026-08-06T07:29:22Z,,1
,,44264,,,2026-08-06T07:29:22Z,,1
,,32235,,,2026-08-06T07:29:22Z,,1
,,27825,,,2026-08-06T07:29:22Z,,1
,,39315,,,2026-08-06T07:29:22Z,,1
,,5068,,,2026-08-06T07:29:22Z,,1
,,12051,,,2026-08-06T07:29:22Z,,1
,,49289,,,2026-08-06T07:29:22Z,,1
,,44434,,,2026-08-06T07:29:22Z,,1
,,24294,,,2026-08-06T07:29:22Z,,1
,,31981,,,2026-08-06T07:29:22Z,,1
,,43833,,,2026-08-06T07:29:22Z,,1
,,39409,,,2026-08-06T07:29:22Z,,1
,,46185,,,2026-08-06T07:29:22Z,,1
,,2790,,,2026-08-06T07:29:22Z,,1
,,49302,,,2026-08-06T07:29:22Z,,1
,,52648,,,2026-08-06T07:29:22Z,,1
,,44151,,,2026-08-06T07:29:22Z,,1
,,17852,,,2026-08-06T07:29:22Z,,1
,,37775,,,2026-08-06T07:29:22Z,,1
,,49834,,,2026-08-06T07:29:22Z,,1
,,48228,,,2026-08-06T07:29:22Z,,1
,,50297,,,2026-08-06T07:29:22Z,,1
,,15925,,,2026-08-06T07:29:22Z,,1
,,2474,,,2026-08-06T07:29:22Z,,1
,,36386,,,2026-08-06T07:29:22Z,,1
,,30406,,,2026-08-06T07:29:22Z,,1
,,49286,,,2026-08-06T07:29:22Z,,1
,,47176,,,2026-08-06T07:29:22Z,,1
,,47180,,,2026-08-06T07:29:22Z,,1
,,4640,,,2026-08-06T07:29:22Z,,1
,,41781,,,2026-08-06T07:29:22Z,,1
,,4766,,,2026-08-06T07:29:22Z,,1
,,5673,,,2026-08-06T07:29:22Z,,1
,,49275,,,2026-08-06T07:29:22Z,,1
,,13,,,2026-08-06T07:29:22Z,,1
,,49287,,,2026-08-06T07:29:22Z,,1
,,29411,,,2026-08-06T07:29:22Z,,1
,,48096,,,2026-08-06T07:29:22Z,,1
,,13716,,,2026-08-06T07:29:22Z,,1
,,7484,,,2026-08-06T07:29:22Z,,1
,,28124,,,2026-08-06T07:29:22Z,,1
,,31994,,,2026-08-06T07:29:22Z,,1
,,28612,,,2026-08-06T07:29:22Z,,1
,,51282,,,2026-08-06T07:29:22Z,,1
,,27138,,,2026-08-06T07:29:22Z,,1
,,47189,,,2026-08-06T07:29:22Z,,1
,,14150,,,2026-08-06T07:29:22Z,,1
,,44059,,,2026-08-06T07:29:22Z,,1
,,52605,,,2026-08-06T07:29:22Z,,1
,,44263,,,2026-08-06T07:29:22Z,,1
,,2449,,,2026-08-06T07:29:22Z,,1
,,39663,,,2026-08-06T07:29:22Z,,1
,,47168,,,2026-08-06T07:29:22Z,,1
,,31992,,,2026-08-06T07:29:22Z,,1
,,43557,,,2026-08-06T07:29:22Z,,1
,,44433,,,2026-08-06T07:29:22Z,,1
,,30271,,,2026-08-06T07:29:22Z,,1
,,15923,,,2026-08-06T07:29:22Z,,1
,,27841,,,2026-08-06T07:29:22Z,,1
,,44001,,,2026-08-06T07:29:22Z,,1
,,10641,,,2026-08-06T07:29:22Z,,1
,,41782,,,2026-08-06T07:29:22Z,,1
,,52616,,,2026-08-06T07:29:22Z,,1
,,24818,,,2026-08-06T07:29:22Z,,1
,,19928,,,2026-08-06T07:29:22Z,,1
,,23322,,,2026-08-06T07:29:22Z,,1
,,48156,,,2026-08-06T07:29:22Z,,1
,,52359,,,2026-08-06T07:29:22Z,,1
,,52289,,,2026-08-06T07:29:22Z,,1
,,20474,,,2026-08-06T07:29:22Z,,1
,,33286,,,2026-08-06T07:29:22Z,,1
,,52256,,,2026-08-06T07:29:22Z,,1
,,27751,,,2026-08-06T07:29:22Z,,1
,,36378,,,2026-08-06T07:29:22Z,,1
,,44029,,,2026-08-06T07:29:22Z,,1
,,52266,,,2026-08-06T07:29:22Z,,1
,,21063,,,2026-08-06T07:29:22Z,,1
,,5667,,,2026-08-06T07:29:22Z,,1
,,17971,,,2026-08-06T07:29:22Z,,1
,,47183,,,2026-08-06T07:29:22Z,,1
,,2061,,,2026-08-06T07:29:22Z,,1
,,20470,,,2026-08-06T07:29:22Z,,1
,,44033,,,2026-08-06T07:29:22Z,,1
,,50293,,,2026-08-06T07:29:22Z,,1
,,10092,,,2026-08-06T07:29:22Z,,1
,,49321,,,2026-08-06T07:29:22Z,,1
,,7,,,2026-08-06T07:29:22Z,,1
,,13114,,,2026-08-06T07:29:22Z,,1
,,33039,,,2026-08-06T07:29:22Z,,1
,,10035,,,2026-08-06T07:29:22Z,,1
,,22557,,,2026-08-06T07:29:22Z,,1
,,15922,,,2026-08-06T07:29:22Z,,1
,,27127,,,2026-08-06T07:29:22Z,,1
,,50327,,,2026-08-06T07:29:22Z,,1
,,35065,,,2026-08-06T07:29:22Z,,1
,,44077,,,2026-08-06T07:29:22Z,,1
,,27707,,,2026-08-06T07:29:22Z,,1
,,50824,,,2026-08-06T07:29:22Z,,1
,,14151,,,2026-08-06T07:29:22Z,,1
,,47181,,,2026-08-06T07:29:22Z,,1
,,44031,,,2026-08-06T07:29:22Z,,1
,,45985,,,2026-08-06T07:29:22Z,,1
,,33143,,,2026-08-06T07:29:22Z,,1
,,21286,,,2026-08-06T07:29:22Z,,1
,,44025,,,2026-08-06T07:29:22Z,,1
,,50292,,,2026-08-06T07:29:22Z,,1
,,31984,,,2026-08-06T07:29:22Z,,1
,,44432,,,2026-08-06T07:29:22Z,,1
,,13710,,,2026-08-06T07:29:22Z,,1
,,19011,,,2026-08-06T07:29:22Z,,1
,,8202,,,2026-08-06T07:29:22Z,,1
,,10091,,,2026-08-06T07:29:22Z,,1
,,2394,,,2026-08-06T07:29:22Z,,1
,,19927,,,2026-08-06T07:29:22Z,,1
,,49315,,,2026-08-06T07:29:22Z,,1
,,49279,,,2026-08-06T07:29:22Z,,1
,,44032,,,2026-08-06T07:29:22Z,,1
,,20805,,,2026-08-06T07:29:22Z,,1
,,46261,,,2026-08-06T07:29:22Z,,1
,,27588,,,2026-08-06T07:29:22Z,,1
,,13708,,,2026-08-06T07:29:22Z,,1
,,41768,,,2026-08-06T07:29:22Z,,1
,,45999,,,2026-08-06T07:29:22Z,,1
,,38580,,,2026-08-06T07:29:22Z,,1
,,36212,,,2026-08-06T07:29:22Z,,1
,,5066,,,2026-08-06T07:29:22Z,,1
,,52358,,,2026-08-06T07:29:22Z,,1
,,41757,,,2026-08-06T07:29:22Z,,1
,,8161,,,2026-08-06T07:29:22Z,,1
,,47172,,,2026-08-06T07:29:22Z,,1
,,48994,,,2026-08-06T07:29:22Z,,1
,,50435,,,2026-08-06T07:29:22Z,,1
,,52255,,,2026-08-06T07:29:22Z,,1
,,47899,,,2026-08-06T07:29:22Z,,1
,,47175,,,2026-08-06T07:29:22Z,,1
,,7046,,,2026-08-06T07:29:22Z,,1
,,14940,,,2026-08-06T07:29:22Z,,1
,,44148,,,2026-08-06T07:29:22Z,,1
,,50296,,,2026-08-06T07:29:22Z,,1
,,49296,,,2026-08-06T07:29:22Z,,1
,,31993,,,2026-08-06T07:29:22Z,,1
,,6475,,,2026-08-06T07:29:22Z,,1
,,47937,,,2026-08-06T07:29:22Z,,1
,,49314,,,2026-08-06T07:29:22Z,,1
,,49240,,,2026-08-06T07:29:22Z,,1
,,49309,,,2026-08-06T07:29:22Z,,1
,,27584,,,2026-08-06T07:29:22Z,,1
,,37772,,,2026-08-06T07:29:22Z,,1
,,47164,,,2026-08-06T07:29:22Z,,1
,,5116,,,2026-08-06T07:29:22Z,,1
,,27742,,,2026-08-06T07:29:22Z,,1
,,33258,,,2026-08-06T07:29:22Z,,1
,,39480,,,2026-08-06T07:29:22Z,,1
,,28932,,,2026-08-06T07:29:22Z,,1
,,50972,,,2026-08-06T07:29:22Z,,1
,,29429,,,2026-08-06T07:29:22Z,,1
,,1978,,,2026-08-06T07:29:22Z,,1
,,52613,,,2026-08-06T07:29:22Z,,1
,,51965,,,2026-08-06T07:29:22Z,,1
,,49325,,,2026-08-06T07:29:22Z,,1
,,49283,,,2026-08-06T07:29:22Z,,1
,,12,,,2026-08-06T07:29:22Z,,1
,,47095,,,2026-08-06T07:29:22Z,,1
,,32857,,,2026-08-06T07:29:22Z,,1
,,45998,,,2026-08-06T07:29:22Z,,1
,,50291,,,2026-08-06T07:29:22Z,,1
,,32800,,,2026-08-06T07:29:22Z,,1
,,44138,,,2026-08-06T07:29:22Z,,1
,,5372,,,2026-08-06T07:29:22Z,,1
,,44027,,,2026-08-06T07:29:22Z,,1
,,52615,,,2026-08-06T07:29:22Z,,1
,,3810,,,2026-08-06T07:29:22Z,,1
,,9734,,,2026-08-06T07:29:22Z,,1
,,47171,,,2026-08-06T07:29:22Z,,1
,,14850,,,2026-08-06T07:29:22Z,,1
,,41868,,,2026-08-06T07:29:22Z,,1
,,24297,,,2026-08-06T07:29:22Z,,1
,,36115,,,2026-08-06T07:29:22Z,,1
,,52288,,,2026-08-06T07:29:22Z,,1
,,52357,,,2026-08-06T07:29:22Z,,1
,,4497,,,2026-08-06T07:29:22Z,,1
,,31681,,,2026-08-06T07:29:22Z,,1
,,5665,,,2026-08-06T07:29:22Z,,1
,,49298,,,2026-08-06T07:29:22Z,,1
,,42373,,,2026-08-06T07:29:22Z,,1
,,29687,,,2026-08-06T07:29:22Z,,1
,,41112,,,2026-08-06T07:29:22Z,,1
,,28626,,,2026-08-06T07:29:22Z,,1
,,22427,,,2026-08-06T07:29:22Z,,1
,,44015,,,2026-08-06T07:29:22Z,,1
,,49274,,,2026-08-06T07:29:22Z,,1
,,10034,,,2026-08-06T07:29:22Z,,1
,,10036,,,2026-08-06T07:36:31Z,,1
,,12224,,,2026-08-06T07:36:31Z,,1
,,27804,,,2026-08-06T07:36:31Z,,1
,,10703,,,2026-08-06T07:36:31Z,,1
,,49217,,,2026-08-06T07:36:31Z,,1
,,40681,,,2026-08-06T07:36:31Z,,1
,,30874,,,2026-08-06T07:36:31Z,,1
,,10396,,,2026-08-06T07:36:31Z,,1
,,33707,,,2026-08-06T07:36:31Z,,1
,,45999,,,2026-08-06T07:36:31Z,,1
,,43974,,,2026-08-06T07:36:31Z,,1
,,15924,,,2026-08-06T07:36:31Z,,1
,,46779,,,2026-08-06T07:36:31Z,,1
,,5671,,,2026-08-06T07:36:31Z,,1
,,29449,,,2026-08-06T07:36:31Z,,1
,,27759,,,2026-08-06T07:36:31Z,,1
,,6692,,,2026-08-06T07:36:31Z,,1
,,49285,,,2026-08-06T07:36:31Z,,1
,,33659,,,2026-08-06T07:36:31Z,,1
,,44071,,,2026-08-06T07:36:31Z,,1
,,9359,,,2026-08-06T07:36:31Z,,1
,,41772,,,2026-08-06T07:36:31Z,,1
,,39697,,,2026-08-06T07:36:31Z,,1
,,44505,,,2026-08-06T07:36:31Z,,1
,,50327,,,2026-08-06T07:36:31Z,,1
,,52440,,,2026-08-06T07:36:31Z,,1
,,37351,,,2026-08-06T07:36:31Z,,1
,,47180,,,2026-08-06T07:36:31Z,,1
,,41779,,,2026-08-06T07:36:31Z,,1
,,46171,,,2026-08-06T07:36:31Z,,1
,,33708,,,2026-08-06T07:36:31Z,,1
,,27725,,,2026-08-06T07:36:31Z,,1
,,49305,,,2026-08-06T07:36:31Z,,1
,,40446,,,2026-08-06T07:36:31Z,,1
,,10387,,,2026-08-06T07:36:31Z,,1
,,33661,,,2026-08-06T07:36:31Z,,1
,,20675,,,2026-08-06T07:36:31Z,,1
,,5066,,,2026-08-06T07:36:31Z,,1
,,5673,,,2026-08-06T07:36:31Z,,1
,,49325,,,2026-08-06T07:36:31Z,,1
,,17835,,,2026-08-06T07:36:31Z,,1
,,39414,,,2026-08-06T07:36:31Z,,1
,,41774,,,2026-08-06T07:36:31Z,,1
,,24511,,,2026-08-06T07:36:31Z,,1
,,5546,,,2026-08-06T07:36:31Z,,1
,,27841,,,2026-08-06T07:36:31Z,,1
,,12896,,,2026-08-06T07:36:31Z,,1
,,8,,,2026-08-06T07:36:31Z,,1
,,5074,,,2026-08-06T07:36:31Z,,1
,,28975,,,2026-08-06T07:36:31Z,,1
,,28995,,,2026-08-06T07:36:31Z,,1
,,47987,,,2026-08-06T07:36:31Z,,1
,,21841,,,2026-08-06T07:36:31Z,,1
,,46793,,,2026-08-06T07:36:31Z,,1
,,27717,,,2026-08-06T07:36:31Z,,1
,,40648,,,2026-08-06T07:36:31Z,,1
,,30271,,,2026-08-06T07:36:31Z,,1
,,44250,,,2026-08-06T07:36:31Z,,1
,,37374,,,2026-08-06T07:36:31Z,,1
,,24297,,,2026-08-06T07:36:31Z,,1
,,47983,,,2026-08-06T07:36:31Z,,1
,,4337,,,2026-08-06T07:36:31Z,,1
,,44120,,,2026-08-06T07:36:31Z,,1
,,43961,,,2026-08-06T07:36:31Z,,1
,,20008,,,2026-08-06T07:36:31Z,,1
,,43973,,,2026-08-06T07:36:31Z,,1
,,47194,,,2026-08-06T07:36:31Z,,1
,,5632,,,2026-08-06T07:36:31Z,,1
,,38658,,,2026-08-06T07:36:31Z,,1
,,13721,,,2026-08-06T07:36:31Z,,1
,,39473,,,2026-08-06T07:36:31Z,,1
,,19978,,,2026-08-06T07:36:31Z,,1
,,41137,,,2026-08-06T07:36:31Z,,1
,,19575,,,2026-08-06T07:36:31Z,,1
,,39312,,,2026-08-06T07:36:31Z,,1
,,33869,,,2026-08-06T07:36:31Z,,1
,,28139,,,2026-08-06T07:36:31Z,,1
,,18969,,,2026-08-06T07:36:31Z,,1
,,49271,,,2026-08-06T07:36:31Z,,1
,,10373,,,2026-08-06T07:36:31Z,,1
,,15925,,,2026-08-06T07:36:31Z,,1
,,42476,,,2026-08-06T07:36:31Z,,1
,,47169,,,2026-08-06T07:36:31Z,,1
,,12635,,,2026-08-06T07:36:31Z,,1
,,52618,,,2026-08-06T07:36:31Z,,1
,,35583,,,2026-08-06T07:36:31Z,,1
,,52419,,,2026-08-06T07:36:31Z,,1
,,4311,,,2026-08-06T07:36:31Z,,1
,,41777,,,2026-08-06T07:36:31Z,,1
,,31981,,,2026-08-06T07:36:31Z,,1
,,32000,,,2026-08-06T07:36:31Z,,1
,,52442,,,2026-08-06T07:36:31Z,,1
,,47917,,,2026-08-06T07:36:31Z,,1
,,13116,,,2026-08-06T07:36:31Z,,1
,,13001,,,2026-08-06T07:36:31Z,,1
,,44509,,,2026-08-06T07:36:31Z,,1
,,44502,,,2026-08-06T07:36:31Z,,1
,,49320,,,2026-08-06T07:36:31Z,,1
,,49830,,,2026-08-06T07:36:31Z,,1
,,14147,,,2026-08-06T07:36:31Z,,1
,,44248,,,2026-08-06T07:36:31Z,,1
,,49304,,,2026-08-06T07:36:31Z,,1
,,35833,,,2026-08-06T07:36:31Z,,1
,,8816,,,2026-08-06T07:36:31Z,,1
,,41829,,,2026-08-06T07:36:31Z,,1
,,49208,,,2026-08-06T07:36:31Z,,1
,,5059,,,2026-08-06T07:36:31Z,,1
,,24592,,,2026-08-06T07:36:31Z,,1
,,28983,,,2026-08-06T07:36:31Z,,1
,,28932,,,2026-08-06T07:36:31Z,,1
,,12887,,,2026-08-06T07:36:31Z,,1
,,47190,,,2026-08-06T07:36:31Z,,1
,,41782,,,2026-08-06T07:36:31Z,,1
,,42488,,,2026-08-06T07:36:31Z,,1
,,36373,,,2026-08-06T07:36:31Z,,1
,,52255,,,2026-08-06T07:36:31Z,,1
,,40405,,,2026-08-06T07:36:31Z,,1
,,37363,,,2026-08-06T07:36:31Z,,1
,,15577,,,2026-08-06T07:36:31Z,,1
,,41900,,,2026-08-06T07:36:31Z,,1
,,48160,,,2026-08-06T07:36:31Z,,1
,,49294,,,2026-08-06T07:36:31Z,,1
,,44308,,,2026-08-06T07:36:31Z,,1
,,47168,,,2026-08-06T07:36:31Z,,1
,,24993,,,2026-08-06T07:36:31Z,,1
,,10035,,,2026-08-06T07:36:31Z,,1
,,33706,,,2026-08-06T07:36:31Z,,1
,,3043,,,2026-08-06T07:36:31Z,,1
,,39490,,,2026-08-06T07:36:31Z,,1
,,4421,,,2026-08-06T07:36:31Z,,1
,,46856,,,2026-08-06T07:36:31Z,,1
,,12538,,,2026-08-06T07:36:31Z,,1
,,5120,,,2026-08-06T07:36:31Z,,1
,,15921,,,2026-08-06T07:36:31Z,,1
,,41089,,,2026-08-06T07:36:31Z,,1
,,44885,,,2026-08-06T07:36:31Z,,1
,,8166,,,2026-08-06T07:36:31Z,,1
,,5506,,,2026-08-06T07:36:31Z,,1
,,47188,,,2026-08-06T07:36:31Z,,1
,,28812,,,2026-08-06T07:36:31Z,,1
,,44507,,,2026-08-06T07:36:31Z,,1
,,27730,,,2026-08-06T07:36:31Z,,1
,,44001,,,2026-08-06T07:36:31Z,,1
,,5714,,,2026-08-06T07:36:31Z,,1
,,14941,,,2026-08-06T07:36:31Z,,1
,,20475,,,2026-08-06T07:36:31Z,,1
,,5435,,,2026-08-06T07:36:31Z,,1
,,10611,,,2026-08-06T07:36:31Z,,1
,,28933,,,2026-08-06T07:36:31Z,,1
,,13114,,,2026-08-06T07:36:31Z,,1
,,49315,,,2026-08-06T07:36:31Z,,1
,,41822,,,2026-08-06T07:36:31Z,,1
,,2394,,,2026-08-06T07:36:31Z,,1
,,38600,,,2026-08-06T07:36:31Z,,1
,,20477,,,2026-08-06T07:36:31Z,,1
,,2728,,,2026-08-06T07:36:31Z,,1
,,52295,,,2026-08-06T07:36:31Z,,1
,,30757,,,2026-08-06T07:36:31Z,,1
,,28978,,,2026-08-06T07:36:31Z,,1
,,47178,,,2026-08-06T07:36:31Z,,1
,,21203,,,2026-08-06T07:36:31Z,,1
,,5676,,,2026-08-06T07:36:31Z,,1
,,13711,,,2026-08-06T07:36:31Z,,1
,,41775,,,2026-08-06T07:36:31Z,,1
,,51962,,,2026-08-06T07:36:31Z,,1
,,44012,,,2026-08-06T07:36:31Z,,1
,,7590,,,2026-08-06T07:36:31Z,,1
,,43557,,,2026-08-06T07:36:31Z,,1
,,9,,,2026-08-06T07:36:31Z,,1
,,3810,,,2026-08-06T07:36:31Z,,1
,,17954,,,2026-08-06T07:36:31Z,,1
,,39692,,,2026-08-06T07:36:31Z,,1
,,36168,,,2026-08-06T07:36:31Z,,1
,,30401,,,2026-08-06T07:36:31Z,,1
,,52292,,,2026-08-06T07:36:31Z,,1
,,39491,,,2026-08-06T07:36:31Z,,1
,,47187,,,2026-08-06T07:36:31Z,,1
,,13715,,,2026-08-06T07:36:31Z,,1
,,36060,,,2026-08-06T07:36:31Z,,1
,,20735,,,2026-08-06T07:36:31Z,,1
,,45070,,,2026-08-06T07:36:31Z,,1
,,29462,,,2026-08-06T07:36:31Z,,1
,,2257,,,2026-08-06T07:36:31Z,,1
,,41780,,,2026-08-06T07:36:31Z,,1
,,5328,,,2026-08-06T07:36:31Z,,1
,,40621,,,2026-08-06T07:36:31Z,,1
,,23989,,,2026-08-06T07:36:31Z,,1
,,41819,,,2026-08-06T07:36:31Z,,1
,,51965,,,2026-08-06T07:36:31Z,,1
,,36200,,,2026-08-06T07:36:31Z,,1
,,13709,,,2026-08-06T07:36:31Z,,1
,,51251,,,2026-08-06T07:36:31Z,,1
,,49310,,,2026-08-06T07:36:31Z,,1
,,29438,,,2026-08-06T07:36:31Z,,1
,,37367,,,2026-08-06T07:36:31Z,,1
,,35053,,,2026-08-06T07:36:31Z,,1
,,49284,,,2026-08-06T07:36:31Z,,1
,,30110,,,2026-08-06T07:36:31Z,,1
,,36210,,,2026-08-06T07:36:31Z,,1
,,25959,,,2026-08-06T07:36:31Z,,1
,,45991,,,2026-08-06T07:36:59Z,,1
,,35050,,,2026-08-06T07:36:59Z,,1
,,23027,,,2026-08-06T07:36:59Z,,1
,,49309,,,2026-08-06T07:36:59Z,,1
,,46855,,,2026-08-06T07:36:59Z,,1
,,46088,,,2026-08-06T07:36:59Z,,1
,,38591,,,2026-08-06T07:36:59Z,,1
,,5288,,,2026-08-06T07:36:59Z,,1
,,40659,,,2026-08-06T07:36:59Z,,1
,,12220,,,2026-08-06T07:36:59Z,,1
,,37764,,,2026-08-06T07:36:59Z,,1
,,5632,,,2026-08-06T07:36:59Z,,1
,,46795,,,2026-08-06T07:36:59Z,,1
,,41833,,,2026-08-06T07:36:59Z,,1
,,21844,,,2026-08-06T07:36:59Z,,1
,,49231,,,2026-08-06T07:36:59Z,,1
,,8540,,,2026-08-06T07:36:59Z,,1
,,47335,,,2026-08-06T07:36:59Z,,1
,,41779,,,2026-08-06T07:36:59Z,,1
,,5558,,,2026-08-06T07:36:59Z,,1
,,28621,,,2026-08-06T07:36:59Z,,1
,,36172,,,2026-08-06T07:36:59Z,,1
,,48162,,,2026-08-06T07:36:59Z,,1
,,49365,,,2026-08-06T07:36:59Z,,1
,,41465,,,2026-08-06T07:36:59Z,,1
,,52276,,,2026-08-06T07:36:59Z,,1
,,47164,,,2026-08-06T07:36:59Z,,1
,,45005,,,2026-08-06T07:36:59Z,,1
,,14083,,,2026-08-06T07:36:59Z,,1
,,51266,,,2026-08-06T07:36:59Z,,1
,,44108,,,2026-08-06T07:36:59Z,,1
,,21711,,,2026-08-06T07:36:59Z,,1
,,30131,,,2026-08-06T07:36:59Z,,1
,,52264,,,2026-08-06T07:36:59Z,,1
,,37349,,,2026-08-06T07:36:59Z,,1
,,46798,,,2026-08-06T07:36:59Z,,1
,,12241,,,2026-08-06T07:36:59Z,,1
,,50334,,,2026-08-06T07:36:59Z,,1
,,26495,,,2026-08-06T07:36:59Z,,1
,,10391,,,2026-08-06T07:36:59Z,,1
,,5629,,,2026-08-06T07:36:59Z,,1
,,47200,,,2026-08-06T07:36:59Z,,1
,,6655,,,2026-08-06T07:36:59Z,,1
,,36115,,,2026-08-06T07:36:59Z,,1
,,41654,,,2026-08-06T07:36:59Z,,1
,,5530,,,2026-08-06T07:36:59Z,,1
,,39424,,,2026-08-06T07:36:59Z,,1
,,49279,,,2026-08-06T07:36:59Z,,1
,,23222,,,2026-08-06T07:36:59Z,,1
,,39430,,,2026-08-06T07:36:59Z,,1
,,5067,,,2026-08-06T07:36:59Z,,1
,,44507,,,2026-08-06T07:36:59Z,,1
,,33656,,,2026-08-06T07:36:59Z,,1
,,52091,,,2026-08-06T07:36:59Z,,1
,,40601,,,2026-08-06T07:36:59Z,,1
,,6003,,,2026-08-06T07:36:59Z,,1
,,36169,,,2026-08-06T07:36:59Z,,1
,,9295,,,2026-08-06T07:36:59Z,,1
,,49271,,,2026-08-06T07:36:59Z,,1
,,49300,,,2026-08-06T07:36:59Z,,1
,,39381,,,2026-08-06T07:36:59Z,,1
,,3,,,2026-08-06T07:36:59Z,,1
,,35020,,,2026-08-06T07:36:59Z,,1
,,39638,,,2026-08-06T07:36:59Z,,1
,,9521,,,2026-08-06T07:36:59Z,,1
,,36213,,,2026-08-06T07:36:59Z,,1
,,5328,,,2026-08-06T07:36:59Z,,1
,,36341,,,2026-08-06T07:36:59Z,,1
,,52292,,,2026-08-06T07:36:59Z,,1
,,44257,,,2026-08-06T07:36:59Z,,1
,,10844,,,2026-08-06T07:36:59Z,,1
,,27588,,,2026-08-06T07:36:59Z,,1
,,16707,,,2026-08-06T07:36:59Z,,1
,,41763,,,2026-08-06T07:36:59Z,,1
,,5630,,,2026-08-06T07:36:59Z,,1
,,41822,,,2026-08-06T07:36:59Z,,1
,,27285,,,2026-08-06T07:36:59Z,,1
,,51260,,,2026-08-06T07:36:59Z,,1
,,49301,,,2026-08-06T07:36:59Z,,1
,,19938,,,2026-08-06T07:36:59Z,,1
,,51953,,,2026-08-06T07:36:59Z,,1
,,50300,,,2026-08-06T07:36:59Z,,1
,,24297,,,2026-08-06T07:36:59Z,,1
,,39647,,,2026-08-06T07:36:59Z,,1
,,42170,,,2026-08-06T07:36:59Z,,1
,,52266,,,2026-08-06T07:36:59Z,,1
,,23892,,,2026-08-06T07:36:59Z,,1
,,22569,,,2026-08-06T07:36:59Z,,1
,,49217,,,2026-08-06T07:36:59Z,,1
,,49830,,,2026-08-06T07:36:59Z,,1
,,47174,,,2026-08-06T07:36:59Z,,1
,,44048,,,2026-08-06T07:36:59Z,,1
,,43317,,,2026-08-06T07:36:59Z,,1
,,20713,,,2026-08-06T07:36:59Z,,1
,,12579,,,2026-08-06T07:36:59Z,,1
,,49834,,,2026-08-06T07:36:59Z,,1
,,24508,,,2026-08-06T07:36:59Z,,1
,,50298,,,2026-08-06T07:36:59Z,,1
,,5631,,,2026-08-06T07:36:59Z,,1
,,16729,,,2026-08-06T07:36:59Z,,1
,,16660,,,2026-08-06T07:36:59Z,,1
,,47343,,,2026-08-06T07:36:59Z,,1
,,51957,,,2026-08-06T07:36:59Z,,1
,,32856,,,2026-08-06T07:36:59Z,,1
,,16703,,,2026-08-06T07:36:59Z,,1
,,36900,,,2026-08-06T07:36:59Z,,1
,,49264,,,2026-08-06T07:36:59Z,,1
,,49859,,,2026-08-06T07:36:59Z,,1
,,49277,,,2026-08-06T07:36:59Z,,1
,,10389,,,2026-08-06T07:36:59Z,,1
,,52257,,,2026-08-06T07:36:59Z,,1
,,28964,,,2026-08-06T07:36:59Z,,1
,,49320,,,2026-08-06T07:36:59Z,,1
,,50337,,,2026-08-06T07:36:59Z,,1
,,6692,,,2026-08-06T07:36:59Z,,1
,,47199,,,2026-08-06T07:36:59Z,,1
,,15165,,,2026-08-06T07:36:59Z,,1
,,42030,,,2026-08-06T07:36:59Z,,1
,,39380,,,2026-08-06T07:36:59Z,,1
,,31630,,,2026-08-06T07:36:59Z,,1
,,49299,,,2026-08-06T07:36:59Z,,1
,,5060,,,2026-08-06T07:36:59Z,,1
,,5414,,,2026-08-06T07:36:59Z,,1
,,43606,,,2026-08-06T07:36:59Z,,1
,,6418,,,2026-08-06T07:36:59Z,,1
,,29416,,,2026-08-06T07:36:59Z,,1
,,44034,,,2026-08-06T07:36:59Z,,1
,,41105,,,2026-08-06T07:36:59Z,,1
,,44147,,,2026-08-06T07:36:59Z,,1
,,52613,,,2026-08-06T07:36:59Z,,1
,,33264,,,2026-08-06T07:36:59Z,,1
,,13114,,,2026-08-06T07:36:59Z,,1
,,6452,,,2026-08-06T07:36:59Z,,1
,,2804,,,2026-08-06T07:36:59Z,,1
,,27712,,,2026-08-06T07:36:59Z,,1
,,9294,,,2026-08-06T07:36:59Z,,1
,,47336,,,2026-08-06T07:36:59Z,,1
,,52272,,,2026-08-06T07:36:59Z,,1
,,9376,,,2026-08-06T07:36:59Z,,1
,,5068,,,2026-08-06T07:36:59Z,,1
,,37751,,,2026-08-06T07:36:59Z,,1
,,30421,,,2026-08-06T07:36:59Z,,1
,,50829,,,2026-08-06T07:36:59Z,,1
,,19939,,,2026-08-06T07:36:59Z,,1
,,5365,,,2026-08-06T07:36:59Z,,1
,,20310,,,2026-08-06T07:36:59Z,,1
,,48096,,,2026-08-06T07:36:59Z,,1
,,43855,,,2026-08-06T07:36:59Z,,1
,,47163,,,2026-08-06T07:36:59Z,,1
,,51952,,,2026-08-06T07:36:59Z,,1
,,49256,,,2026-08-06T07:36:59Z,,1
,,43598,,,2026-08-06T07:36:59Z,,1
,,13,,,2026-08-06T07:36:59Z,,1
,,10788,,,2026-08-06T07:36:59Z,,1
,,10390,,,2026-08-06T07:36:59Z,,1
,,52295,,,2026-08-06T07:36:59Z,,1
,,42045,,,2026-08-06T07:36:59Z,,1
,,21058,,,2026-08-06T07:36:59Z,,1
,,37763,,,2026-08-06T07:36:59Z,,1
,,45070,,,2026-08-06T07:36:59Z,,1
,,49302,,,2026-08-06T07:36:59Z,,1
,,47179,,,2026-08-06T07:36:59Z,,1
,,45978,,,2026-08-06T07:36:59Z,,1
,,22973,,,2026-08-06T07:36:59Z,,1
,,52255,,,2026-08-06T07:36:59Z,,1
,,5698,,,2026-08-06T07:36:59Z,,1
,,43961,,,2026-08-06T07:36:59Z,,1
,,47964,,,2026-08-06T07:36:59Z,,1
,,16600,,,2026-08-06T07:36:59Z,,1
,,49298,,,2026-08-06T07:36:59Z,,1
,,38580,,,2026-08-06T07:36:59Z,,1
,,49286,,,2026-08-06T07:36:59Z,,1
,,23904,,,2026-08-06T07:36:59Z,,1
,,39414,,,2026-08-06T07:36:59Z,,1
,,21843,,,2026-08-06T07:36:59Z,,1
,,46185,,,2026-08-06T07:36:59Z,,1
,,40394,,,2026-08-06T07:36:59Z,,1
,,52271,,,2026-08-06T07:36:59Z,,1
,,13713,,,2026-08-06T07:36:59Z,,1
,,35560,,,2026-08-06T07:36:59Z,,1
,,41767,,,2026-08-06T07:36:59Z,,1
,,36386,,,2026-08-06T07:36:59Z,,1
,,20739,,,2026-08-06T07:36:59Z,,1
,,35071,,,2026-08-06T07:36:59Z,,1
,,22999,,,2026-08-06T07:36:59Z,,1
,,28995,,,2026-08-06T07:36:59Z,,1
,,19976,,,2026-08-06T07:36:59Z,,1
,,44506,,,2026-08-06T07:36:59Z,,1
,,42040,,,2026-08-06T07:36:59Z,,1
,,31829,,,2026-08-06T07:36:59Z,,1
,,10388,,,2026-08-06T07:36:59Z,,1
,,47985,,,2026-08-06T07:36:59Z,,1
,,23354,,,2026-08-06T07:36:59Z,,1
,,9360,,,2026-08-06T07:36:59Z,,1
,,3788,,,2026-08-06T07:36:59Z,,1
,,44135,,,2026-08-06T07:36:59Z,,1
,,14065,,,2026-08-06T07:36:59Z,,1
,,47177,,,2026-08-06T07:36:59Z,,1
,,19943,,,2026-08-06T07:36:59Z,,1
,,52422,,,2026-08-06T07:36:59Z,,1
,,28615,,,2026-08-06T07:36:59Z,,1
,,44507,,,2026-08-06T07:36:59Z,,1
,,50970,,,2026-08-06T07:36:59Z,,1
,,43702,,,2026-08-06T07:36:59Z,,1
,,46064,,,2026-08-06T07:36:59Z,,1
,,48734,,,2026-08-06T07:36:59Z,,1
,,49216,,,2026-08-06T07:36:59Z,,1
,,13688,,,2026-08-06T07:36:59Z,,1
,,10393,,,2026-08-06T07:36:59Z,,1
,,52256,,,2026-08-06T07:36:59Z,,1
,,8783,,,2026-08-06T07:36:59Z,,1
,,35563,,,2026-08-06T07:36:59Z,,1
,,49831,,,2026-08-06T07:36:59Z,,1
,,36251,,,2026-08-06T07:36:59Z,,1
,,8290,,,2026-08-06T07:36:59Z,,1
,,51267,,,2026-08-06T07:36:59Z,,1
,,27096,,,2026-08-06T07:36:59Z,,1
,,6141,,,2026-08-06T07:36:59Z,,1
,,20530,,,2026-08-06T07:36:59Z,,1
,,27728,,,2026-08-06T07:36:59Z,,1
,,36060,,,2026-08-06T07:36:59Z,,1
,,12645,,,2026-08-06T07:36:59Z,,1
,,34560,,,2026-08-06T07:36:59Z,,1
,,48221,,,2026-08-06T07:36:59Z,,1
,,33942,,,2026-08-06T07:36:59Z,,1
,,3698,,,2026-08-06T07:36:59Z,,1
,,7588,,,2026-08-06T07:36:59Z,,1
,,31990,,,2026-08-06T07:36:59Z,,1
,,39484,,,2026-08-06T07:36:59Z,,1
,,33186,,,2026-08-06T07:36:59Z,,1
,,49269,,,2026-08-06T07:36:59Z,,1
,,43591,,,2026-08-06T07:36:59Z,,1
,,46051,,,2026-08-06T07:36:59Z,,1
,,49240,,,2026-08-06T07:36:59Z,,1
,,5288,,,2026-08-06T07:36:59Z,,1
,,36168,,,2026-08-06T07:36:59Z,,1
,,13686,,,2026-08-06T07:36:59Z,,1
,,12579,,,2026-08-06T07:36:59Z,,1
,,49238,,,2026-08-06T07:36:59Z,,1
,,6385,,,2026-08-06T07:36:59Z,,1
,,48733,,,2026-08-06T07:36:59Z,,1
,,6200,,,2026-08-06T07:36:59Z,,1
,,52295,,,2026-08-06T07:36:59Z,,1
,,37786,,,2026-08-06T07:36:59Z,,1
,,5206,,,2026-08-06T07:36:59Z,,1
,,41494,,,2026-08-06T07:36:59Z,,1
,,12,,,2026-08-06T07:36:59Z,,1
,,23167,,,2026-08-06T07:36:59Z,,1
,,9284,,,2026-08-06T07:36:59Z,,1
,,7976,,,2026-08-06T07:36:59Z,,1
,,21815,,,2026-08-06T07:36:59Z,,1
,,47979,,,2026-08-06T07:36:59Z,,1
,,49828,,,2026-08-06T07:36:59Z,,1
,,15577,,,2026-08-06T07:36:59Z,,1
,,49235,,,2026-08-06T07:36:59Z,,1
,,20525,,,2026-08-06T07:36:59Z,,1
,,6187,,,2026-08-06T07:36:59Z,,1
,,10373,,,2026-08-06T07:36:59Z,,1
,,3317,,,2026-08-06T07:36:59Z,,1
,,49256,,,2026-08-06T07:36:59Z,,1
,,3447,,,2026-08-06T07:36:59Z,,1
,,29958,,,2026-08-06T07:36:59Z,,1
,,13682,,,2026-08-06T07:36:59Z,,1
,,38592,,,2026-08-06T07:36:59Z,,1
,,46050,,,2026-08-06T07:36:59Z,,1
,,3377,,,2026-08-06T07:36:59Z,,1
,,51257,,,2026-08-06T07:36:59Z,,1
,,46246,,,2026-08-06T07:36:59Z,,1
,,49826,,,2026-08-06T07:36:59Z,,1
,,41770,,,2026-08-06T07:36:59Z,,1
,,5664,,,2026-08-06T07:36:59Z,,1
,,14063,,,2026-08-06T07:36:59Z,,1
,,6548,,,2026-08-06T07:36:59Z,,1
,,9300,,,2026-08-06T07:36:59Z,,1
,,44111,,,2026-08-06T07:36:59Z,,1
,,12905,,,2026-08-06T07:36:59Z,,1
,,7500,,,2026-08-06T07:36:59Z,,1
,,38453,,,2026-08-06T07:36:59Z,,1
,,28948,,,2026-08-06T07:36:59Z,,1
,,44958,,,2026-08-06T07:36:59Z,,1
,,11026,,,2026-08-06T07:36:59Z,,1
,,49228,,,2026-08-06T07:36:59Z,,1
,,10786,,,2026-08-06T07:36:59Z,,1
,,13708,,,2026-08-06T07:36:59Z,,1
,,36245,,,2026-08-06T07:36:59Z,,1
,,43557,,,2026-08-06T07:36:59Z,,1
,,40625,,,2026-08-06T07:36:59Z,,1
,,49265,,,2026-08-06T07:36:59Z,,1
,,47174,,,2026-08-06T07:36:59Z,,1
,,4882,,,2026-08-06T07:36:59Z,,1
,,46048,,,2026-08-06T07:36:59Z,,1
,,50972,,,2026-08-06T07:36:59Z,,1
,,49827,,,2026-08-06T07:36:59Z,,1
,,4214,,,2026-08-06T07:36:59Z,,1
,,27709,,,2026-08-06T07:36:59Z,,1
,,7037,,,2026-08-06T07:36:59Z,,1
,,31989,,,2026-08-06T07:36:59Z,,1
,,33929,,,2026-08-06T07:36:59Z,,1
,,12646,,,2026-08-06T07:36:59Z,,1
,,2763,,,2026-08-06T07:36:59Z,,1
,,12908,,,2026-08-06T07:36:59Z,,1
,,3241,,,2026-08-06T07:36:59Z,,1
,,4733,,,2026-08-06T07:36:59Z,,1
,,49244,,,2026-08-06T07:36:59Z,,1
,,12610,,,2026-08-06T07:36:59Z,,1
,,13272,,,2026-08-06T07:36:59Z,,1
,,9304,,,2026-08-06T07:36:59Z,,1
,,5532,,,2026-08-06T07:36:59Z,,1
,,40447,,,2026-08-06T07:36:59Z,,1
,,46798,,,2026-08-06T07:36:59Z,,1
,,8150,,,2026-08-06T07:36:59Z,,1
,,37433,,,2026-08-06T07:36:59Z,,1
,,15976,,,2026-08-06T07:36:59Z,,1
,,50055,,,2026-08-06T07:36:59Z,,1
,,7547,,,2026-08-06T07:36:59Z,,1
,,46062,,,2026-08-06T07:36:59Z,,1
,,44504,,,2026-08-06T07:36:59Z,,1
,,15959,,,2026-08-06T07:36:59Z,,1
,,27714,,,2026-08-06T07:36:59Z,,1
,,48096,,,2026-08-06T07:36:59Z,,1
,,44848,,,2026-08-06T07:36:59Z,,1
,,49262,,,2026-08-06T07:36:59Z,,1
,,44306,,,2026-08-06T07:36:59Z,,1
,,49833,,,2026-08-06T07:36:59Z,,1
,,24630,,,2026-08-06T07:36:59Z,,1
,,8183,,,2026-08-06T07:36:59Z,,1
,,23797,,,2026-08-06T07:36:59Z,,1
,,46811,,,2026-08-06T07:36:59Z,,1
,,32815,,,2026-08-06T07:36:59Z,,1
,,39312,,,2026-08-06T07:36:59Z,,1
,,44070,,,2026-08-06T07:36:59Z,,1
,,27712,,,2026-08-06T07:36:59Z,,1
,,31819,,,2026-08-06T07:36:59Z,,1
,,15441,,,2026-08-06T07:36:59Z,,1
,,13270,,,2026-08-06T07:36:59Z,,1
,,5126,,,2026-08-06T07:36:59Z,,1
,,46049,,,2026-08-06T07:36:59Z,,1
,,36246,,,2026-08-06T07:36:59Z,,1
,,44132,,,2026-08-06T07:36:59Z,,1
,,25190,,,2026-08-06T07:36:59Z,,1
,,44970,,,2026-08-06T07:36:59Z,,1
,,12601,,,2026-08-06T07:36:59Z,,1
,,18059,,,2026-08-06T07:36:59Z,,1
,,49304,,,2026-08-06T07:36:59Z,,1
,,36172,,,2026-08-06T07:36:59Z,,1
,,23168,,,2026-08-06T07:36:59Z,,1
,,39409,,,2026-08-06T07:36:59Z,,1
,,33684,,,2026-08-06T07:36:59Z,,1
,,48116,,,2026-08-06T07:36:59Z,,1
,,43990,,,2026-08-06T07:36:59Z,,1
,,47335,,,2026-08-06T07:36:59Z,,1
,,8820,,,2026-08-06T07:36:59Z,,1
,,36244,,,2026-08-06T07:36:59Z,,1
,,8559,,,2026-08-06T07:36:59Z,,1
,,19009,,,2026-08-06T07:36:59Z,,1
,,8795,,,2026-08-06T07:36:59Z,,1
,,5604,,,2026-08-06T07:36:59Z,,1
,,46084,,,2026-08-06T07:36:59Z,,1
,,7032,,,2026-08-06T07:36:59Z,,1
,,52442,,,2026-08-06T07:36:59Z,,1
,,40413,,,2026-08-06T07:36:59Z,,1
,,30757,,,2026-08-06T07:36:59Z,,1
,,13591,,,2026-08-06T07:36:59Z,,1
,,19908,,,2026-08-06T07:36:59Z,,1
,,15567,,,2026-08-06T07:36:59Z,,1
,,52629,,,2026-08-06T07:36:59Z,,1
,,45977,,,2026-08-06T07:36:59Z,,1
,,47163,,,2026-08-06T07:36:59Z,,1
,,5476,,,2026-08-06T07:36:59Z,,1
,,44891,,,2026-08-06T07:36:59Z,,1
,,12583,,,2026-08-06T07:36:59Z,,1
,,37361,,,2026-08-06T07:36:59Z,,1
,,46857,,,2026-08-06T07:36:59Z,,1
,,12868,,,2026-08-06T07:36:59Z,,1
,,50796,,,2026-08-06T07:36:59Z,,1
,,50442,,,2026-08-06T07:36:59Z,,1
,,28591,,,2026-08-06T07:36:59Z,,1
,,23790,,,2026-08-06T07:36:59Z,,1
,,46831,,,2026-08-06T07:36:59Z,,1
,,35868,,,2026-08-06T07:36:59Z,,1
,,32214,,,2026-08-06T07:36:59Z,,1
,,52440,,,2026-08-06T07:36:59Z,,1
,,50438,,,2026-08-06T07:36:59Z,,1
,,33268,,,2026-08-06T07:36:59Z,,1
,,36199,,,2026-08-06T07:36:59Z,,1
,,43961,,,2026-08-06T07:36:59Z,,1
,,12084,,,2026-08-06T07:36:59Z,,1
,,31986,,,2026-08-06T07:36:59Z,,1
,,38542,,,2026-08-06T07:36:59Z,,1
,,7548,,,2026-08-06T07:36:59Z,,1
,,31996,,,2026-08-06T07:36:59Z,,1
,,49234,,,2026-08-06T07:36:59Z,,1
,,46079,,,2026-08-06T07:36:59Z,,1
,,36341,,,2026-08-06T07:36:59Z,,1
,,49305,,,2026-08-06T07:36:59Z,,1
,,16908,,,2026-08-06T07:36:59Z,,1
,,21800,,,2026-08-06T07:36:59Z,,1
,,2526,,,2026-08-06T07:36:59Z,,1
,,46171,,,2026-08-06T07:36:59Z,,1
,,46109,,,2026-08-06T07:36:59Z,,1
,,30131,,,2026-08-06T07:36:59Z,,1
,,5170,,,2026-08-06T07:36:59Z,,1
,,41467,,,2026-08-06T07:36:59Z,,1
,,32063,,,2026-08-06T07:36:59Z,,1
,,9063,,,2026-08-06T07:36:59Z,,1
,,43557,,,2026-08-06T07:36:59Z,,1
,,39478,,,2026-08-06T07:36:59Z,,1
,,49832,,,2026-08-06T07:36:59Z,,1
,,49257,,,2026-08-06T07:36:59Z,,1
,,35833,,,2026-08-06T07:36:59Z,,1
,,29448,,,2026-08-06T07:36:59Z,,1
,,49827,,,2026-08-06T07:36:59Z,,1
,,5120,,,2026-08-06T07:36:59Z,,1
,,33932,,,2026-08-06T07:36:59Z,,1
,,13115,,,2026-08-06T07:36:59Z,,1
,,51960,,,2026-08-06T07:36:59Z,,1
,,51264,,,2026-08-06T07:36:59Z,,1
,,52357,,,2026-08-06T07:36:59Z,,1
,,27878,,,2026-08-06T07:36:59Z,,1
,,39312,,,2026-08-06T07:36:59Z,,1
,,40365,,,2026-08-06T07:36:59Z,,1
,,41791,,,2026-08-06T07:36:59Z,,1
,,2521,,,2026-08-06T07:36:59Z,,1
,,44898,,,2026-08-06T07:36:59Z,,1
,,49831,,,2026-08-06T07:36:59Z,,1
,,24254,,,2026-08-06T07:36:59Z,,1
,,46185,,,2026-08-06T07:36:59Z,,1
,,49290,,,2026-08-06T07:36:59Z,,1
,,44848,,,2026-08-06T07:36:59Z,,1
,,43984,,,2026-08-06T07:36:59Z,,1
,,6534,,,2026-08-06T07:36:59Z,,1
,,52440,,,2026-08-06T07:36:59Z,,1
,,28964,,,2026-08-06T07:36:59Z,,1
,,2538,,,2026-08-06T07:36:59Z,,1
,,14924,,,2026-08-06T07:36:59Z,,1
,,41773,,,2026-08-06T07:36:59Z,,1
,,8162,,,2026-08-06T07:36:59Z,,1
,,11046,,,2026-08-06T07:36:59Z,,1
,,37777,,,2026-08-06T07:36:59Z,,1
,,36005,,,2026-08-06T07:36:59Z,,1
,,44263,,,2026-08-06T07:36:59Z,,1
,,2,,,2026-08-06T07:36:59Z,,1
,,20754,,,2026-08-06T07:36:59Z,,1
,,43982,,,2026-08-06T07:36:59Z,,1
,,8160,,,2026-08-06T07:36:59Z,,1
,,41758,,,2026-08-06T07:36:59Z,,1
,,49258,,,2026-08-06T07:36:59Z,,1
,,16910,,,2026-08-06T07:36:59Z,,1
,,5482,,,2026-08-06T07:36:59Z,,1
,,41810,,,2026-08-06T07:36:59Z,,1
,,5118,,,2026-08-06T07:36:59Z,,1
,,49829,,,2026-08-06T07:36:59Z,,1
,,7100,,,2026-08-06T07:36:59Z,,1
,,49323,,,2026-08-06T07:36:59Z,,1
,,28131,,,2026-08-06T07:36:59Z,,1
,,6559,,,2026-08-06T07:36:59Z,,1
,,12795,,,2026-08-06T07:36:59Z,,1
,,30590,,,2026-08-06T07:36:59Z,,1
,,30405,,,2026-08-06T07:36:59Z,,1
,,8156,,,2026-08-06T07:36:59Z,,1
,,49314,,,2026-08-06T07:36:59Z,,1
,,5060,,,2026-08-06T07:36:59Z,,1
,,8559,,,2026-08-06T07:36:59Z,,1
,,27667,,,2026-08-06T07:36:59Z,,1
,,31401,,,2026-08-06T07:36:59Z,,1
,,52295,,,2026-08-06T07:36:59Z,,1
,,45969,,,2026-08-06T07:36:59Z,,1
,,5713,,,2026-08-06T07:36:59Z,,1
,,49272,,,2026-08-06T07:36:59Z,,1
,,37492,,,2026-08-06T07:36:59Z,,1
,,52257,,,2026-08-06T07:36:59Z,,1
,,19939,,,2026-08-06T07:36:59Z,,1
,,52292,,,2026-08-06T07:36:59Z,,1
,,7975,,,2026-08-06T07:36:59Z,,1
,,6980,,,2026-08-06T07:36:59Z,,1
,,5510,,,2026-08-06T07:36:59Z,,1
,,5190,,,2026-08-06T07:36:59Z,,1
,,49262,,,2026-08-06T07:36:59Z,,1
,,50972,,,2026-08-06T07:36:59Z,,1
,,12888,,,2026-08-06T07:36:59Z,,1
,,49287,,,2026-08-06T07:36:59Z,,1
,,12095,,,2026-08-06T07:36:59Z,,1
,,23374,,,2026-08-06T07:36:59Z,,1
,,36211,,,2026-08-06T07:36:59Z,,1
,,4810,,,2026-08-06T07:36:59Z,,1
,,44897,,,2026-08-06T07:36:59Z,,1
,,47222,,,2026-08-06T07:36:59Z,,1
,,45998,,,2026-08-06T07:36:59Z,,1
,,20220,,,2026-08-06T07:36:59Z,,1
,,20740,,,2026-08-06T07:36:59Z,,1
,,52623,,,2026-08-06T07:36:59Z,,1
,,7598,,,2026-08-06T07:36:59Z,,1
,,13317,,,2026-08-06T07:36:59Z,,1
,,41781,,,2026-08-06T07:36:59Z,,1
,,41832,,,2026-08-06T07:36:59Z,,1
,,49848,,,2026-08-06T07:36:59Z,,1
,,7601,,,2026-08-06T07:36:59Z,,1
,,47179,,,2026-08-06T07:36:59Z,,1
,,3407,,,2026-08-06T07:36:59Z,,1
,,45978,,,2026-08-06T07:36:59Z,,1
,,10335,,,2026-08-06T07:36:59Z,,1
,,12233,,,2026-08-06T07:36:59Z,,1
,,12024,,,2026-08-06T07:36:59Z,,1
,,15560,,,2026-08-06T07:36:59Z,,1
,,42457,,,2026-08-06T07:36:59Z,,1
,,23904,,,2026-08-06T07:36:59Z,,1
,,50973,,,2026-08-06T07:36:59Z,,1
,,48096,,,2026-08-06T07:36:59Z,,1
,,47740,,,2026-08-06T07:36:59Z,,1
,,20478,,,2026-08-06T07:36:59Z,,1
,,38457,,,2026-08-06T07:36:59Z,,1
,,31998,,,2026-08-06T07:36:59Z,,1
,,28151,,,2026-08-06T07:36:59Z,,1
,,49826,,,2026-08-06T07:36:59Z,,1
,,20686,,,2026-08-06T07:36:59Z,,1
,,17836,,,2026-08-06T07:36:59Z,,1
,,46188,,,2026-08-06T07:36:59Z,,1
,,16599,,,2026-08-06T07:36:59Z,,1
,,46246,,,2026-08-06T07:36:59Z,,1
,,8147,,,2026-08-06T07:36:59Z,,1
,,44051,,,2026-08-06T07:36:59Z,,1
,,3515,,,2026-08-06T07:36:59Z,,1
,,28900,,,2026-08-06T07:36:59Z,,1
,,4868,,,2026-08-06T07:36:59Z,,1
,,28917,,,2026-08-06T07:36:59Z,,1
,,5555,,,2026-08-06T07:36:59Z,,1
,,7998,,,2026-08-06T07:36:59Z,,1
,,13116,,,2026-08-06T07:36:59Z,,1
,,21203,,,2026-08-06T07:36:59Z,,1
,,49282,,,2026-08-06T07:36:59Z,,1
,,36213,,,2026-08-06T07:36:59Z,,1
,,34263,,,2026-08-06T07:36:59Z,,1
,,41771,,,2026-08-06T07:36:59Z,,1
,,5061,,,2026-08-06T07:36:59Z,,1
,,7047,,,2026-08-06T07:36:59Z,,1
,,9053,,,2026-08-06T07:36:59Z,,1
,,51287,,,2026-08-06T07:36:59Z,,1
,,2143,,,2026-08-06T07:36:59Z,,1
,,52266,,,2026-08-06T07:36:59Z,,1
,,3647,,,2026-08-06T07:36:59Z,,1
,,36085,,,2026-08-06T07:36:59Z,,1
,,49828,,,2026-08-06T07:36:59Z,,1
,,49846,,,2026-08-06T07:36:59Z,,1
,,48130,,,2026-08-06T07:36:59Z,,1
,,13839,,,2026-08-06T07:36:59Z,,1
,,39698,,,2026-08-06T07:36:59Z,,1
,,27836,,,2026-08-06T07:36:59Z,,1
,,38245,,,2026-08-06T07:36:59Z,,1
,,44151,,,2026-08-06T07:36:59Z,,1
,,49271,,,2026-08-06T07:36:59Z,,1
,,38953,,,2026-08-06T07:36:59Z,,1
,,43575,,,2026-08-06T07:36:59Z,,1
,,43981,,,2026-08-06T07:36:59Z,,1
,,15858,,,2026-08-06T07:36:59Z,,1
,,41760,,,2026-08-06T07:36:59Z,,1
,,41779,,,2026-08-06T07:36:59Z,,1
,,50442,,,2026-08-06T07:36:59Z,,1
,,46856,,,2026-08-06T07:36:59Z,,1
,,51255,,,2026-08-06T07:36:59Z,,1
,,32203,,,2026-08-06T07:36:59Z,,1
,,13354,,,2026-08-06T07:36:59Z,,1
,,44042,,,2026-08-06T07:36:59Z,,1
,,21766,,,2026-08-06T07:36:59Z,,1
,,44040,,,2026-08-06T07:36:59Z,,1
,,33245,,,2026-08-06T07:36:59Z,,1
,,13257,,,2026-08-06T07:36:59Z,,1
,,49303,,,2026-08-06T07:36:59Z,,1
,,2501,,,2026-08-06T07:36:59Z,,1
,,33027,,,2026-08-06T07:36:59Z,,1
,,20734,,,2026-08-06T07:36:59Z,,1
,,16679,,,2026-08-06T07:36:59Z,,1
,,44849,,,2026-08-06T07:36:59Z,,1
,,51272,,,2026-08-06T07:36:59Z,,1
,,52256,,,2026-08-06T07:36:59Z,,1
,,13758,,,2026-08-06T07:36:59Z,,1
,,15558,,,2026-08-06T07:36:59Z,,1
,,44882,,,2026-08-06T07:36:59Z,,1
,,28724,,,2026-08-06T07:36:59Z,,1
,,51256,,,2026-08-06T07:36:59Z,,1
,,23002,,,2026-08-06T07:36:59Z,,1
,,44505,,,2026-08-06T07:36:59Z,,1
,,21745,,,2026-08-06T07:36:59Z,,1
,,41772,,,2026-08-06T07:36:59Z,,1
,,46254,,,2026-08-06T07:36:59Z,,1
,,42875,,,2026-08-06T07:36:59Z,,1
,,39476,,,2026-08-06T07:36:59Z,,1
,,50971,,,2026-08-06T07:36:59Z,,1
,,2837,,,2026-08-06T07:36:59Z,,1
,,50458,,,2026-08-06T07:36:59Z,,1
,,35089,,,2026-08-06T07:36:59Z,,1
,,46252,,,2026-08-06T07:36:59Z,,1
,,44039,,,2026-08-06T07:36:59Z,,1
,,44492,,,2026-08-06T07:36:59Z,,1
,,49234,,,2026-08-06T07:36:59Z,,1
,,10388,,,2026-08-06T07:36:59Z,,1
,,21834,,,2026-08-06T07:36:59Z,,1
,,23817,,,2026-08-06T07:36:59Z,,1
,,19901,,,2026-08-06T07:36:59Z,,1
,,8149,,,2026-08-06T07:36:59Z,,1
,,45977,,,2026-08-06T07:36:59Z,,1
,,47335,,,2026-08-06T07:36:59Z,,1
,,27078,,,2026-08-06T07:36:59Z,,1
,,49267,,,2026-08-06T07:36:59Z,,1
,,24254,,,2026-08-06T07:36:59Z,,1
,,9292,,,2026-08-06T07:36:59Z,,1
,,47170,,,2026-08-06T07:36:59Z,,1
,,50295,,,2026-08-06T07:36:59Z,,1
,,33248,,,2026-08-06T07:36:59Z,,1
,,13115,,,2026-08-06T07:36:59Z,,1
,,10677,,,2026-08-06T07:36:59Z,,1
,,32856,,,2026-08-06T07:36:59Z,,1
,,31980,,,2026-08-06T07:36:59Z,,1
,,22418,,,2026-08-06T07:36:59Z,,1
,,39632,,,2026-08-06T07:36:59Z,,1
,,13709,,,2026-08-06T07:36:59Z,,1
,,5693,,,2026-08-06T07:36:59Z,,1
,,47197,,,2026-08-06T07:36:59Z,,1
,,35565,,,2026-08-06T07:36:59Z,,1
,,39591,,,2026-08-06T07:36:59Z,,1
,,52643,,,2026-08-06T07:36:59Z,,1
,,47701,,,2026-08-06T07:36:59Z,,1
,,52425,,,2026-08-06T07:36:59Z,,1
,,2703,,,2026-08-06T07:36:59Z,,1
,,27696,,,2026-08-06T07:36:59Z,,1
,,46056,,,2026-08-06T07:36:59Z,,1
,,37408,,,2026-08-06T07:36:59Z,,1
,,47334,,,2026-08-06T07:36:59Z,,1
,,14183,,,2026-08-06T07:36:59Z,,1
,,5396,,,2026-08-06T07:36:59Z,,1
,,27732,,,2026-08-06T07:36:59Z,,1
,,12096,,,2026-08-06T07:36:59Z,,1
,,5110,,,2026-08-06T07:36:59Z,,1
,,5300,,,2026-08-06T07:36:59Z,,1
,,13284,,,2026-08-06T07:36:59Z,,1
,,14003,,,2026-08-06T07:36:59Z,,1
,,50299,,,2026-08-06T07:36:59Z,,1
,,5692,,,2026-08-06T07:36:59Z,,1
,,39388,,,2026-08-06T07:36:59Z,,1
,,36341,,,2026-08-06T07:36:59Z,,1
,,4113,,,2026-08-06T07:36:59Z,,1
,,8161,,,2026-08-06T07:36:59Z,,1
,,46244,,,2026-08-06T07:36:59Z,,1
,,15927,,,2026-08-06T07:36:59Z,,1
,,46055,,,2026-08-06T07:36:59Z,,1
,,47740,,,2026-08-06T07:36:59Z,,1
,,45987,,,2026-08-06T07:36:59Z,,1
,,36222,,,2026-08-06T07:36:59Z,,1
,,4955,,,2026-08-06T07:36:59Z,,1
,,44150,,,2026-08-06T07:36:59Z,,1
,,9717,,,2026-08-06T07:36:59Z,,1
,,47280,,,2026-08-06T07:36:59Z,,1
,,14955,,,2026-08-06T07:36:59Z,,1
,,46253,,,2026-08-06T07:36:59Z,,1
,,6,,,2026-08-06T07:36:59Z,,1
,,19878,,,2026-08-06T07:36:59Z,,1
,,38591,,,2026-08-06T07:36:59Z,,1
,,32951,,,2026-08-06T07:36:59Z,,1
,,46254,,,2026-08-06T07:36:59Z,,1
,,39595,,,2026-08-06T07:36:59Z,,1
,,46778,,,2026-08-06T07:36:59Z,,1
,,50294,,,2026-08-06T07:36:59Z,,1
,,36172,,,2026-08-06T07:36:59Z,,1
,,46054,,,2026-08-06T07:36:59Z,,1
,,44509,,,2026-08-06T07:36:59Z,,1
,,44013,,,2026-08-06T07:36:59Z,,1
,,13266,,,2026-08-06T07:36:59Z,,1
,,12052,,,2026-08-06T07:36:59Z,,1
,,44030,,,2026-08-06T07:36:59Z,,1
,,12884,,,2026-08-06T07:36:59Z,,1
,,27113,,,2026-08-06T07:36:59Z,,1
,,10373,,,2026-08-06T07:36:59Z,,1
,,24522,,,2026-08-06T07:36:59Z,,1
,,39311,,,2026-08-06T07:36:59Z,,1
,,33841,,,2026-08-06T07:36:59Z,,1
,,27724,,,2026-08-06T07:36:59Z,,1
,,13711,,,2026-08-06T07:36:59Z,,1
,,32938,,,2026-08-06T07:36:59Z,,1
,,5346,,,2026-08-06T07:36:59Z,,1
,,21931,,,2026-08-06T07:36:59Z,,1
,,48735,,,2026-08-06T07:36:59Z,,1
,,49234,,,2026-08-06T07:36:59Z,,1
,,3191,,,2026-08-06T07:36:59Z,,1
,,44098,,,2026-08-06T07:36:59Z,,1
,,43976,,,2026-08-06T07:36:59Z,,1
,,46053,,,2026-08-06T07:36:59Z,,1
,,13715,,,2026-08-06T07:36:59Z,,1
,,41589,,,2026-08-06T07:36:59Z,,1
,,19945,,,2026-08-06T07:36:59Z,,1
,,44828,,,2026-08-06T07:36:59Z,,1
,,10156,,,2026-08-06T07:36:59Z,,1
,,36166,,,2026-08-06T07:36:59Z,,1
,,47201,,,2026-08-06T07:36:59Z,,1
,,15921,,,2026-08-06T07:36:59Z,,1
,,43590,,,2026-08-06T07:36:59Z,,1
,,41499,,,2026-08-06T07:36:59Z,,1
,,37359,,,2026-08-06T07:36:59Z,,1
,,8790,,,2026-08-06T07:36:59Z,,1
,,19893,,,2026-08-06T07:36:59Z,,1
,,41765,,,2026-08-06T07:36:59Z,,1
,,52255,,,2026-08-06T07:36:59Z,,1
,,46052,,,2026-08-06T07:36:59Z,,1
,,44503,,,2026-08-06T07:36:59Z,,1
,,43618,,,2026-08-06T07:36:59Z,,1
,,27941,,,2026-08-06T07:36:59Z,,1
,,50415,,,2026-08-06T07:36:59Z,,1
,,8202,,,2026-08-06T07:36:59Z,,1
,,12543,,,2026-08-06T07:36:59Z,,1
,,27299,,,2026-08-06T07:36:59Z,,1
,,19948,,,2026-08-06T07:36:59Z,,1
,,20476,,,2026-08-06T07:36:59Z,,1
,,23023,,,2026-08-06T07:36:59Z,,1
,,5379,,,2026-08-06T07:36:59Z,,1
,,13716,,,2026-08-06T07:36:59Z,,1
,,49858,,,2026-08-06T07:36:59Z,,1
,,27688,,,2026-08-06T07:36:59Z,,1
,,41763,,,2026-08-06T07:36:59Z,,1
,,35559,,,2026-08-06T07:36:59Z,,1
,,50298,,,2026-08-06T07:36:59Z,,1
,,46046,,,2026-08-06T07:36:59Z,,1
,,32802,,,2026-08-06T07:36:59Z,,1
,,33276,,,2026-08-06T07:36:59Z,,1
,,50255,,,2026-08-06T07:36:59Z,,1
,,50458,,,2026-08-06T07:36:59Z,,1
,,27743,,,2026-08-06T07:36:59Z,,1
,,36181,,,2026-08-06T07:36:59Z,,1
,,44058,,,2026-08-06T07:36:59Z,,1
,,39320,,,2026-08-06T07:36:59Z,,1
,,10796,,,2026-08-06T07:36:59Z,,1
,,23168,,,2026-08-06T07:36:59Z,,1
,,19902,,,2026-08-06T07:36:59Z,,1
,,44005,,,2026-08-06T07:36:59Z,,1
,,12880,,,2026-08-06T07:36:59Z,,1
,,33286,,,2026-08-06T07:36:59Z,,1
,,21867,,,2026-08-06T07:36:59Z,,1
,,49262,,,2026-08-06T07:36:59Z,,1
,,45971,,,2026-08-06T07:36:59Z,,1
,,12532,,,2026-08-06T07:36:59Z,,1
,,50973,,,2026-08-06T07:36:59Z,,1
,,52256,,,2026-08-06T07:36:59Z,,1
,,46045,,,2026-08-06T07:36:59Z,,1
,,44007,,,2026-08-06T07:36:59Z,,1
,,12901,,,2026-08-06T07:36:59Z,,1
,,21794,,,2026-08-06T07:36:59Z,,1
,,10392,,,2026-08-06T07:36:59Z,,1
,,41517,,,2026-08-06T07:36:59Z,,1
,,23888,,,2026-08-06T07:36:59Z,,1
,,9349,,,2026-08-06T07:36:59Z,,1
,,22427,,,2026-08-06T07:36:59Z,,1
,,50293,,,2026-08-06T07:36:59Z,,1
,,27716,,,2026-08-06T07:36:59Z,,1
,,52284,,,2026-08-06T07:36:59Z,,1
,,28624,,,2026-08-06T07:36:59Z,,1
,,43583,,,2026-08-06T07:36:59Z,,1
,,22557,,,2026-08-06T07:36:59Z,,1
,,49272,,,2026-08-06T07:36:59Z,,1
,,13723,,,2026-08-06T07:36:59Z,,1
,,27804,,,2026-08-06T07:36:59Z,,1
,,46834,,,2026-08-06T07:36:59Z,,1
,,46044,,,2026-08-06T07:36:59Z,,1
,,43613,,,2026-08-06T07:36:59Z,,1
,,4476,,,2026-08-06T07:36:59Z,,1
,,22542,,,2026-08-06T07:36:59Z,,1
,,5141,,,2026-08-06T07:36:59Z,,1
,,21941,,,2026-08-06T07:36:59Z,,1
,,19904,,,2026-08-06T07:36:59Z,,1
,,49283,,,2026-08-06T07:36:59Z,,1
,,24261,,,2026-08-06T07:36:59Z,,1
,,49229,,,2026-08-06T07:36:59Z,,1
,,12531,,,2026-08-06T07:36:59Z,,1
,,52295,,,2026-08-06T07:36:59Z,,1
,,49832,,,2026-08-06T07:36:59Z,,1
,,24013,,,2026-08-06T07:36:59Z,,1
,,32828,,,2026-08-06T07:36:59Z,,1
,,47964,,,2026-08-06T07:36:59Z,,1
,,13117,,,2026-08-06T07:36:59Z,,1
,,44848,,,2026-08-06T07:36:59Z,,1
,,49228,,,2026-08-06T07:36:59Z,,1
,,30080,,,2026-08-06T07:36:59Z,,1
,,44151,,,2026-08-06T07:36:59Z,,1
,,45986,,,2026-08-06T07:36:59Z,,1
,,39312,,,2026-08-06T07:36:59Z,,1
,,22543,,,2026-08-06T07:36:59Z,,1
,,46043,,,2026-08-06T07:36:59Z,,1
,,52366,,,2026-08-06T07:36:59Z,,1
,,50438,,,2026-08-06T07:36:59Z,,1
,,50323,,,2026-08-06T07:36:59Z,,1
,,27931,,,2026-08-06T07:36:59Z,,1
,,47965,,,2026-08-06T07:36:59Z,,1
,,29401,,,2026-08-06T07:36:59Z,,1
,,49281,,,2026-08-06T07:36:59Z,,1
,,44161,,,2026-08-06T07:36:59Z,,1
,,38576,,,2026-08-06T07:36:59Z,,1
,,13713,,,2026-08-06T07:36:59Z,,1
,,23369,,,2026-08-06T07:36:59Z,,1
,,20003,,,2026-08-06T07:36:59Z,,1
,,20740,,,2026-08-06T07:36:59Z,,1
,,27801,,,2026-08-06T07:36:59Z,,1
,,47185,,,2026-08-06T07:36:59Z,,1
,,38245,,,2026-08-06T07:36:59Z,,1
,,46122,,,2026-08-06T07:36:59Z,,1
