データセンター(DC),直近順位,アイテムID,日本語アイテム名,取得日時(JST)
Elemental,1,39389,アラガンターミナル Type:β,2026-08-07 13:40:27
Elemental,2,49835,クレセントマギ・マスターソーサラーリング,2026-08-07 13:40:27
Elemental,3,15922,ムーンファイアベスト,2026-08-07 13:40:27
Elemental,4,49311,コートリーラヴァー・ディフェンダーチョーカー,2026-08-07 13:40:27
Elemental,5,19939,ハイスチールナゲット,2026-08-07 13:40:27
Elemental,6,5504,魚にかわ,2026-08-07 13:40:27
Elemental,7,7040,ベラフディアンガラス,2026-08-07 13:40:27
Elemental,8,44120,ヴァーティカル・ネオンウォールライト,2026-08-07 13:40:27
Elemental,9,36414,ラヴィリンソス・ティラピア,2026-08-07 13:40:27
Elemental,10,28964,モーグリチェア,2026-08-07 13:40:27
Elemental,11,19957,輝水鉛鉱,2026-08-07 13:40:27
Elemental,12,52278,ピューニィメイジ,2026-08-07 13:40:27
Elemental,13,50302,コスモパワードスーツ,2026-08-07 13:40:27
Elemental,14,37755,リナシータ・サムライブレード,2026-08-07 13:40:27
Elemental,15,44035,黄金の霊砂,2026-08-07 13:40:27
Elemental,16,36243,マウンテンチキンの粗皮,2026-08-07 13:40:27
Elemental,17,15926,ムーンファイアタンガ,2026-08-07 13:40:27
Elemental,18,52295,演技教本:後ろを振り返る,2026-08-07 13:40:27
Elemental,19,8166,サベネアの野菜,2026-08-07 13:40:27
Elemental,20,12880,ハイランド小麦,2026-08-07 13:40:27
Elemental,21,44032,ロネークサージ,2026-08-07 13:40:27
Elemental,22,49303,コートリーラヴァー・キャスターグローブ,2026-08-07 13:40:27
Elemental,23,1996,ケーン,2026-08-07 13:40:27
Elemental,24,14295,古びた譜面:白銀の凶鳥、飛翔せり,2026-08-07 13:40:27
Elemental,25,33124,オーケストリオン譜:合わないピース,2026-08-07 13:40:27
Elemental,26,13001,シバルリー・ヒーラーダブレット,2026-08-07 13:40:27
Elemental,27,23356,パゴスボレロ,2026-08-07 13:40:27
Elemental,28,12243,古ぼけた地図G8,2026-08-07 13:40:27
Elemental,29,36172,コンドライトインゴット,2026-08-07 13:40:27
Elemental,30,44329,古びた譜面:レゾンデートル,2026-08-07 13:40:27
Elemental,31,9359,プラチナナゲット,2026-08-07 13:40:27
Elemental,32,35026,クラシカル・グレートソード,2026-08-07 13:40:27
Elemental,33,42145,コバルトタングステン・ナックル,2026-08-07 13:40:27
Elemental,34,3260,ヴァンヤキャスターローブ,2026-08-07 13:40:27
Elemental,35,52289,アンティーク・ランタン,2026-08-07 13:40:27
Elemental,36,34240,マウンテンチキングリモア,2026-08-07 13:40:27
Elemental,37,46188,ゴールデンイール,2026-08-07 13:40:27
Elemental,38,33918,天眼のオメガマテリジャ,2026-08-07 13:40:27
Elemental,39,50435,コスモフェイス認証鍵,2026-08-07 13:40:27
Elemental,40,46852,ウトォーム隕鉄,2026-08-07 13:40:27
Elemental,41,28624,ドマキン,2026-08-07 13:40:27
Elemental,42,29682,ホワイトスクリーン,2026-08-07 13:40:27
Elemental,43,12576,ドラゴンの牙,2026-08-07 13:40:27
Elemental,44,49239,ナチョス,2026-08-07 13:40:27
Elemental,45,40625,クッキーアソート,2026-08-07 13:40:27
Elemental,46,5506,黒にかわ,2026-08-07 13:40:27
Elemental,47,47893,リックス・フィンガレスグローブ,2026-08-07 13:40:27
Elemental,48,4767,ラプトルのモモ肉,2026-08-07 13:40:27
Elemental,49,14149,イコンアロイインゴット,2026-08-07 13:40:27
Elemental,50,41407,ヒファロサウルス,2026-08-07 13:40:27
Elemental,51,41771,天眼のハイアルテマテリジャ,2026-08-07 13:40:27
Elemental,52,49310,コートリーラヴァー・キャスターイヤリング,2026-08-07 13:40:27
Elemental,53,8291,サファイアチョーカー,2026-08-07 13:40:27
Elemental,54,6347,ラノシアン・ウッドコテージ・ルーフ,2026-08-07 13:40:27
Elemental,55,49302,コートリーラヴァー・キャスターバトルドレス,2026-08-07 13:40:27
Elemental,56,42029,ハンマーヘッドダイル・レンジャーアームガード,2026-08-07 13:40:27
Elemental,57,6005,チョコチョコボ,2026-08-07 13:40:27
Elemental,58,14869,ウラエウスコート,2026-08-07 13:40:27
Elemental,59,32943,心力の幻水G4,2026-08-07 13:40:27
Elemental,60,51262,エバーキープ・モニター,2026-08-07 13:40:27
Elemental,61,49277,コートリーラヴァー・スレイヤーサーコート,2026-08-07 13:40:27
Elemental,62,27285,クリスタリウムキッチンハンガー,2026-08-07 13:40:27
Elemental,63,15439,マジックバケツ,2026-08-07 13:40:27
Elemental,64,5371,ウォルナット材,2026-08-07 13:40:27
Elemental,65,46136,オーケストリオン譜:リメンバランス,2026-08-07 13:40:27
Elemental,66,33118,オーケストリオン譜:消せない約束,2026-08-07 13:40:27
Elemental,67,20310,イミテーション・オブロングウィンドウ,2026-08-07 13:40:27
Elemental,68,52440,ヘアカタログ:ブレイドバン,2026-08-07 13:40:27
Elemental,69,35582,イル・メグ・ガーデンファウンテン,2026-08-07 13:40:27
Elemental,70,48156,スタイルカタログ:グラデーションフレームグラス,2026-08-07 13:40:27
Elemental,71,41890,シルバリオ・キャスターフィンガレスグローブ,2026-08-07 13:40:27
Elemental,72,46185,古ぼけた地図G18,2026-08-07 13:40:27
Elemental,73,49255,コートリーラヴァー・セプター,2026-08-07 13:40:27
Elemental,74,41991,ルテニウム・トンファー,2026-08-07 13:40:27
Elemental,75,39591,古ぼけた地図G15,2026-08-07 13:40:27
Elemental,76,27717,虹結晶材,2026-08-07 13:40:27
Elemental,77,52333,オーケストリオン譜:最後の闘い（FINAL FANTASY V）,2026-08-07 13:40:27
Elemental,78,6209,ミニマンドラゴラ,2026-08-07 13:40:27
Elemental,79,5477,シルバーエンチャントインク,2026-08-07 13:40:27
Elemental,80,5365,バンブー材,2026-08-07 13:40:27
Elemental,81,28724,クラフターの製図用紙,2026-08-07 13:40:27
Elemental,82,49308,コートリーラヴァー・レンジャーイヤリング,2026-08-07 13:40:27
Elemental,83,39504,防滴システム,2026-08-07 13:40:27
Elemental,84,12584,アストラルバーチ材,2026-08-07 13:40:27
Elemental,85,26798,マメット・オメガM,2026-08-07 13:40:27
Elemental,86,43783,ハーレクインランサー,2026-08-07 13:40:27
Elemental,87,41769,詠唱のハイオメガマテリジャ,2026-08-07 13:40:27
Elemental,88,15556,レヴィン・サンダーストライク,2026-08-07 13:40:27
Elemental,89,49797,スネナマズ,2026-08-07 13:40:27
Elemental,90,49212,ガーデン・ソフトウォーター,2026-08-07 13:40:27
Elemental,91,49287,コートリーラヴァー・レンジャーシャツ,2026-08-07 13:40:27
Elemental,92,15959,MGエンタープライズ級飛空艇,2026-08-07 13:40:27
Elemental,93,7970,ウォールプランター,2026-08-07 13:40:27
Elemental,94,51263,エバーキープ・ステレオ,2026-08-07 13:40:27
Elemental,95,23347,パゴス帯の天然水,2026-08-07 13:40:27
Elemental,96,10816,グリフィンレンジャーグローブ,2026-08-07 13:40:27
Elemental,97,36194,インテグラル原木,2026-08-07 13:40:27
Elemental,98,50327,ヘアカタログ:ガイウス,2026-08-07 13:40:27
Elemental,99,42183,ブラーシャ・レンジャーアームレット,2026-08-07 13:40:27
Elemental,100,13114,カララント:ピュアホワイト,2026-08-07 13:40:27
Elemental,101,23888,ガラスボトルセット,2026-08-07 13:40:27
Elemental,102,13757,ドマグラスの苗,2026-08-07 13:40:27
Elemental,103,50303,コスモアドミラル・ヘルム,2026-08-07 13:40:27
Elemental,104,12894,サワークリーム,2026-08-07 13:40:27
Elemental,105,49320,コートリーラヴァー・キャスターリストレット,2026-08-07 13:40:27
Elemental,106,52264,クワイエット・コリブリ・ホイッスル,2026-08-07 13:40:27
Elemental,107,42173,ブラーシャ・スレイヤーアームレット,2026-08-07 13:40:27
Elemental,108,41837,オルコクロマイト・フィスト,2026-08-07 13:40:27
Elemental,109,41817,スロッピーチェア,2026-08-07 13:40:27
Elemental,110,1895,アッシュショートボウ,2026-08-07 13:40:27
Elemental,111,21879,チューリップ:グリーン,2026-08-07 13:40:27
Elemental,112,13116,カララント:シャインシルバー,2026-08-07 13:40:27
Elemental,113,19986,マンザシリの毛,2026-08-07 13:40:27
Elemental,114,38931,ゾイサイト,2026-08-07 13:40:27
Elemental,115,29419,ネオイシュガルディアン・マナトリガー,2026-08-07 13:40:27
Elemental,116,23027,キャシーバルブ,2026-08-07 13:40:27
Elemental,117,12872,オーケアニスの卵,2026-08-07 13:40:27
Elemental,118,9376,アラグの魔触媒,2026-08-07 13:40:27
Elemental,119,46245,シンビーバー,2026-08-07 13:40:27
Elemental,120,46095,トライヨラ・スクリーン,2026-08-07 13:40:27
Elemental,121,48096,フォーチュンカロット,2026-08-07 13:40:27
Elemental,122,44010,ピンクベリル,2026-08-07 13:40:27
Elemental,123,49307,コートリーラヴァー・アタッカーイヤリング,2026-08-07 13:40:27
Elemental,124,37373,イミテーション・クルザンウィンドウ,2026-08-07 13:40:27
Elemental,125,49292,コートリーラヴァー・スカウトシャツ,2026-08-07 13:40:27
Elemental,126,46196,ゴンドラルーヴァー,2026-08-07 13:40:27
Elemental,127,34091,ガジャコーデックス,2026-08-07 13:40:27
Elemental,128,26803,ハシビロコウ,2026-08-07 13:40:27
Elemental,129,46785,マメット・フェオ＝ウル,2026-08-07 13:40:27
Elemental,130,49323,コートリーラヴァー・レンジャーリング,2026-08-07 13:40:27
Elemental,131,42337,ロネークサージ・レンジャーハーフグローブ,2026-08-07 13:40:27
Elemental,132,43725,御使いの母,2026-08-07 13:40:27
Elemental,133,39631,ディアドコス・ナックル,2026-08-07 13:40:27
Elemental,134,39378,シンプルローテーブル,2026-08-07 13:40:27
Elemental,135,37770,リナシータ・スレイヤーポレイン,2026-08-07 13:40:27
Elemental,136,24490,天然緑水晶,2026-08-07 13:40:27
Elemental,137,28612,演技教本:斜め立ち,2026-08-07 13:40:27
Elemental,138,49227,トライヨラの染料,2026-08-07 13:40:27
Elemental,139,50455,スタイルカタログ:ホログラス,2026-08-07 13:40:27
Elemental,140,12593,星絹布,2026-08-07 13:40:27
Elemental,141,12518,ミスライトナゲット,2026-08-07 13:40:27
Elemental,142,33691,アントイーター,2026-08-07 13:40:27
Elemental,143,30263,オーケストリオン譜:不穏の淵,2026-08-07 13:40:27
Elemental,144,39666,ディアドコス・レンジャージャケット,2026-08-07 13:40:27
Elemental,145,49300,コートリーラヴァー・ヒーラーシューズ,2026-08-07 13:40:27
Elemental,146,2002,エルムクルーク,2026-08-07 13:40:27
Elemental,147,35051,クラシカルセクトール・ロリカ,2026-08-07 13:40:27
Elemental,148,49282,コートリーラヴァー・ストライカークローク,2026-08-07 13:40:27
Elemental,149,47964,タイニーヤーン,2026-08-07 13:40:27
Elemental,150,35578,ロフトベッド,2026-08-07 13:40:27
Elemental,151,42043,マウンテンリネン・キャスタークローク,2026-08-07 13:40:27
Elemental,152,33240,アクアマトン,2026-08-07 13:40:27
Elemental,153,41776,博識のハイアルテマテリジャ,2026-08-07 13:40:27
Elemental,154,46195,ジャイアントスネークヘッド,2026-08-07 13:40:27
Elemental,155,33295,シュラウド・ガゼボ,2026-08-07 13:40:27
Elemental,156,29435,ネオイシュガルディアン・ストライカートップス,2026-08-07 13:40:27
Elemental,157,35974,マメット・アニマ,2026-08-07 13:40:27
Elemental,158,21063,ウーパールーパー,2026-08-07 13:40:27
Elemental,159,41467,葉っぱの傘,2026-08-07 13:40:27
Elemental,160,32859,マジックプリズム:ボムヘッド,2026-08-07 13:40:27
Elemental,161,26736,魔匠のエクスマテリジャ,2026-08-07 13:40:27
Elemental,162,5484,クラブオイル,2026-08-07 13:40:27
Elemental,163,49228,イヨラエキス,2026-08-07 13:40:27
Elemental,164,4850,蜂蜜,2026-08-07 13:40:27
Elemental,165,28980,天然黄水晶,2026-08-07 13:40:27
Elemental,166,13115,カララント:ジェットブラック,2026-08-07 13:40:27
Elemental,167,27273,マーブルアーチパーティション,2026-08-07 13:40:27
Elemental,168,14095,マメット・リヴァイアサン,2026-08-07 13:40:27
Elemental,169,46111,シュラウド・フリーパーティションドア,2026-08-07 13:40:27
Elemental,170,12592,キマイラフェルト,2026-08-07 13:40:27
Elemental,171,34257,ハイダリウム・スレイヤーガントレット,2026-08-07 13:40:27
Elemental,172,42172,コバルトタングステン・スレイヤーベスト,2026-08-07 13:40:27
Elemental,173,46848,松明,2026-08-07 13:40:27
Elemental,174,49288,コートリーラヴァー・レンジャーハーフグローブ,2026-08-07 13:40:27
Elemental,175,44261,スタイルカタログ:クラシックグラス,2026-08-07 13:40:27
Elemental,176,46834,ネコ荷車の角笛,2026-08-07 13:40:27
Elemental,177,10395,サベネアンタイツ,2026-08-07 13:40:27
Elemental,178,39387,クラシックウォーターポット,2026-08-07 13:40:27
Elemental,179,38602,シラディン・サイドテーブル,2026-08-07 13:40:27
Elemental,180,28917,ウフィティホルン,2026-08-07 13:40:27
Elemental,181,50301,コスモパワードヘルム,2026-08-07 13:40:27
Elemental,182,13117,カララント:シャインゴールド,2026-08-07 13:40:27
Elemental,183,13708,カララント:パステルピンク,2026-08-07 13:40:27
Elemental,184,49313,コートリーラヴァー・レンジャーチョーカー,2026-08-07 13:40:27
Elemental,185,28885,オーケストリオン譜:冥き水底,2026-08-07 13:40:27
Elemental,186,44043,パールグラス,2026-08-07 13:40:27
Elemental,187,49306,コートリーラヴァー・ディフェンダーイヤリング,2026-08-07 13:40:27
Elemental,188,33869,フロンティアクロス,2026-08-07 13:40:27
Elemental,189,35575,イミテーション・ウッドルーフウィンドウ,2026-08-07 13:40:27
Elemental,190,33243,ロンカの大水蛇？,2026-08-07 13:40:27
Elemental,191,35094,クラシカル・キャスターリング,2026-08-07 13:40:27
Elemental,192,24630,エウレカスワローホルン,2026-08-07 13:40:27
Elemental,193,52288,スコップ,2026-08-07 13:40:27
Elemental,194,49828,クレセントマギ・ファイターブレスレット,2026-08-07 13:40:27
Elemental,195,28975,ローズ・ウォールプランター,2026-08-07 13:40:27
Elemental,196,26744,古ぼけた地図G11,2026-08-07 13:40:27
Elemental,197,50415,アウクセシア・エネルギーパック,2026-08-07 13:40:27
Elemental,198,45070,ドリーム・オブ・ウェポンチェスト,2026-08-07 13:40:27
Elemental,199,13684,アルケオーニスブーツ,2026-08-07 13:40:27
Elemental,200,21282,オーケストリオン譜:塩と苦難の歌,2026-08-07 13:40:27
Gaia,1,15820,オーケストリオン譜:混沌の渦動,2026-08-07 13:40:27
Gaia,2,49828,クレセントマギ・ファイターブレスレット,2026-08-07 13:40:27
Gaia,3,34240,マウンテンチキングリモア,2026-08-07 13:40:27
Gaia,4,49263,コートリーラヴァー・レイピア,2026-08-07 13:40:27
Gaia,5,42299,ゴールドチタン・クロー,2026-08-07 13:40:27
Gaia,6,49223,絶縁塗料,2026-08-07 13:40:27
Gaia,7,51272,ルインド・アクアダクト,2026-08-07 13:40:27
Gaia,8,10034,エンペラーズ・ニューグローブ,2026-08-07 13:40:27
Gaia,9,12630,竜族の血,2026-08-07 13:40:27
Gaia,10,12769,ジャウー,2026-08-07 13:40:27
Gaia,11,46855,人造ダークマターα,2026-08-07 13:40:27
Gaia,12,44848,高濃縮錬金薬,2026-08-07 13:40:27
Gaia,13,30874,サンドフォックス,2026-08-07 13:40:27
Gaia,14,22579,ウソウソベンチ,2026-08-07 13:40:27
Gaia,15,23802,羅刹眼帯【弓士】,2026-08-07 13:40:27
Gaia,16,28984,首席奏者のトランペット,2026-08-07 13:40:27
Gaia,17,35575,イミテーション・ウッドルーフウィンドウ,2026-08-07 13:40:27
Gaia,18,30389,ステージカーテン,2026-08-07 13:40:27
Gaia,19,39682,ディアドコス・キャスターアームレット,2026-08-07 13:40:27
Gaia,20,49297,コートリーラヴァー・ヒーラーバトルドレス,2026-08-07 13:40:27
Gaia,21,42175,ブラーシャ・スレイヤーサイブーツ,2026-08-07 13:40:27
Gaia,22,39389,アラガンターミナル Type:β,2026-08-07 13:40:27
Gaia,23,49835,クレセントマギ・マスターソーサラーリング,2026-08-07 13:40:27
Gaia,24,15922,ムーンファイアベスト,2026-08-07 13:40:27
Gaia,25,49311,コートリーラヴァー・ディフェンダーチョーカー,2026-08-07 13:40:27
Gaia,26,19939,ハイスチールナゲット,2026-08-07 13:40:27
Gaia,27,5504,魚にかわ,2026-08-07 13:40:27
Gaia,28,7040,ベラフディアンガラス,2026-08-07 13:40:27
Gaia,29,44120,ヴァーティカル・ネオンウォールライト,2026-08-07 13:40:27
Gaia,30,36414,ラヴィリンソス・ティラピア,2026-08-07 13:40:27
Gaia,31,28964,モーグリチェア,2026-08-07 13:40:27
Gaia,32,19957,輝水鉛鉱,2026-08-07 13:40:27
Gaia,33,52278,ピューニィメイジ,2026-08-07 13:40:27
Gaia,34,50302,コスモパワードスーツ,2026-08-07 13:40:27
Gaia,35,37755,リナシータ・サムライブレード,2026-08-07 13:40:27
Gaia,36,44035,黄金の霊砂,2026-08-07 13:40:27
Gaia,37,36243,マウンテンチキンの粗皮,2026-08-07 13:40:27
Gaia,38,15926,ムーンファイアタンガ,2026-08-07 13:40:27
Gaia,39,52295,演技教本:後ろを振り返る,2026-08-07 13:40:27
Gaia,40,8166,サベネアの野菜,2026-08-07 13:40:27
Gaia,41,12880,ハイランド小麦,2026-08-07 13:40:27
Gaia,42,44032,ロネークサージ,2026-08-07 13:40:27
Gaia,43,49303,コートリーラヴァー・キャスターグローブ,2026-08-07 13:40:27
Gaia,44,1996,ケーン,2026-08-07 13:40:27
Gaia,45,14295,古びた譜面:白銀の凶鳥、飛翔せり,2026-08-07 13:40:27
Gaia,46,33124,オーケストリオン譜:合わないピース,2026-08-07 13:40:27
Gaia,47,13001,シバルリー・ヒーラーダブレット,2026-08-07 13:40:27
Gaia,48,23356,パゴスボレロ,2026-08-07 13:40:27
Gaia,49,12243,古ぼけた地図G8,2026-08-07 13:40:27
Gaia,50,36172,コンドライトインゴット,2026-08-07 13:40:27
Gaia,51,44329,古びた譜面:レゾンデートル,2026-08-07 13:40:27
Gaia,52,9359,プラチナナゲット,2026-08-07 13:40:27
Gaia,53,35026,クラシカル・グレートソード,2026-08-07 13:40:27
Gaia,54,42145,コバルトタングステン・ナックル,2026-08-07 13:40:27
Gaia,55,3260,ヴァンヤキャスターローブ,2026-08-07 13:40:27
Gaia,56,52289,アンティーク・ランタン,2026-08-07 13:40:27
Gaia,57,46188,ゴールデンイール,2026-08-07 13:40:27
Gaia,58,33918,天眼のオメガマテリジャ,2026-08-07 13:40:27
Gaia,59,50435,コスモフェイス認証鍵,2026-08-07 13:40:27
Gaia,60,46852,ウトォーム隕鉄,2026-08-07 13:40:27
Gaia,61,28624,ドマキン,2026-08-07 13:40:27
Gaia,62,29682,ホワイトスクリーン,2026-08-07 13:40:27
Gaia,63,12576,ドラゴンの牙,2026-08-07 13:40:27
Gaia,64,49239,ナチョス,2026-08-07 13:40:27
Gaia,65,40625,クッキーアソート,2026-08-07 13:40:27
Gaia,66,5506,黒にかわ,2026-08-07 13:40:27
Gaia,67,47893,リックス・フィンガレスグローブ,2026-08-07 13:40:27
Gaia,68,4767,ラプトルのモモ肉,2026-08-07 13:40:27
Gaia,69,14149,イコンアロイインゴット,2026-08-07 13:40:27
Gaia,70,41407,ヒファロサウルス,2026-08-07 13:40:27
Gaia,71,41771,天眼のハイアルテマテリジャ,2026-08-07 13:40:27
Gaia,72,49310,コートリーラヴァー・キャスターイヤリング,2026-08-07 13:40:27
Gaia,73,8291,サファイアチョーカー,2026-08-07 13:40:27
Gaia,74,6347,ラノシアン・ウッドコテージ・ルーフ,2026-08-07 13:40:27
Gaia,75,49302,コートリーラヴァー・キャスターバトルドレス,2026-08-07 13:40:27
Gaia,76,42029,ハンマーヘッドダイル・レンジャーアームガード,2026-08-07 13:40:27
Gaia,77,6005,チョコチョコボ,2026-08-07 13:40:27
Gaia,78,14869,ウラエウスコート,2026-08-07 13:40:27
Gaia,79,32943,心力の幻水G4,2026-08-07 13:40:27
Gaia,80,51262,エバーキープ・モニター,2026-08-07 13:40:27
Gaia,81,49277,コートリーラヴァー・スレイヤーサーコート,2026-08-07 13:40:27
Gaia,82,27285,クリスタリウムキッチンハンガー,2026-08-07 13:40:27
Gaia,83,15439,マジックバケツ,2026-08-07 13:40:27
Gaia,84,5371,ウォルナット材,2026-08-07 13:40:27
Gaia,85,46136,オーケストリオン譜:リメンバランス,2026-08-07 13:40:27
Gaia,86,33118,オーケストリオン譜:消せない約束,2026-08-07 13:40:27
Gaia,87,20310,イミテーション・オブロングウィンドウ,2026-08-07 13:40:27
Gaia,88,52440,ヘアカタログ:ブレイドバン,2026-08-07 13:40:27
Gaia,89,35582,イル・メグ・ガーデンファウンテン,2026-08-07 13:40:27
Gaia,90,48156,スタイルカタログ:グラデーションフレームグラス,2026-08-07 13:40:27
Gaia,91,41890,シルバリオ・キャスターフィンガレスグローブ,2026-08-07 13:40:27
Gaia,92,46185,古ぼけた地図G18,2026-08-07 13:40:27
Gaia,93,49255,コートリーラヴァー・セプター,2026-08-07 13:40:27
Gaia,94,41991,ルテニウム・トンファー,2026-08-07 13:40:27
Gaia,95,39591,古ぼけた地図G15,2026-08-07 13:40:27
Gaia,96,27717,虹結晶材,2026-08-07 13:40:27
Gaia,97,52333,オーケストリオン譜:最後の闘い（FINAL FANTASY V）,2026-08-07 13:40:27
Gaia,98,6209,ミニマンドラゴラ,2026-08-07 13:40:27
Gaia,99,5477,シルバーエンチャントインク,2026-08-07 13:40:27
Gaia,100,5365,バンブー材,2026-08-07 13:40:27
Gaia,101,28724,クラフターの製図用紙,2026-08-07 13:40:27
Gaia,102,49308,コートリーラヴァー・レンジャーイヤリング,2026-08-07 13:40:27
Gaia,103,39504,防滴システム,2026-08-07 13:40:27
Gaia,104,12584,アストラルバーチ材,2026-08-07 13:40:27
Gaia,105,26798,マメット・オメガM,2026-08-07 13:40:27
Gaia,106,43783,ハーレクインランサー,2026-08-07 13:40:27
Gaia,107,41769,詠唱のハイオメガマテリジャ,2026-08-07 13:40:27
Gaia,108,15556,レヴィン・サンダーストライク,2026-08-07 13:40:27
Gaia,109,49797,スネナマズ,2026-08-07 13:40:27
Gaia,110,49212,ガーデン・ソフトウォーター,2026-08-07 13:40:27
Gaia,111,49287,コートリーラヴァー・レンジャーシャツ,2026-08-07 13:40:27
Gaia,112,15959,MGエンタープライズ級飛空艇,2026-08-07 13:40:27
Gaia,113,7970,ウォールプランター,2026-08-07 13:40:27
Gaia,114,51263,エバーキープ・ステレオ,2026-08-07 13:40:27
Gaia,115,23347,パゴス帯の天然水,2026-08-07 13:40:27
Gaia,116,10816,グリフィンレンジャーグローブ,2026-08-07 13:40:27
Gaia,117,36194,インテグラル原木,2026-08-07 13:40:27
Gaia,118,50327,ヘアカタログ:ガイウス,2026-08-07 13:40:27
Gaia,119,42183,ブラーシャ・レンジャーアームレット,2026-08-07 13:40:27
Gaia,120,13114,カララント:ピュアホワイト,2026-08-07 13:40:27
Gaia,121,23888,ガラスボトルセット,2026-08-07 13:40:27
Gaia,122,13757,ドマグラスの苗,2026-08-07 13:40:27
Gaia,123,50303,コスモアドミラル・ヘルム,2026-08-07 13:40:27
Gaia,124,12894,サワークリーム,2026-08-07 13:40:27
Gaia,125,49320,コートリーラヴァー・キャスターリストレット,2026-08-07 13:40:27
Gaia,126,52264,クワイエット・コリブリ・ホイッスル,2026-08-07 13:40:27
Gaia,127,42173,ブラーシャ・スレイヤーアームレット,2026-08-07 13:40:27
Gaia,128,41837,オルコクロマイト・フィスト,2026-08-07 13:40:27
Gaia,129,41817,スロッピーチェア,2026-08-07 13:40:27
Gaia,130,1895,アッシュショートボウ,2026-08-07 13:40:27
Gaia,131,21879,チューリップ:グリーン,2026-08-07 13:40:27
Gaia,132,13116,カララント:シャインシルバー,2026-08-07 13:40:27
Gaia,133,19986,マンザシリの毛,2026-08-07 13:40:27
Gaia,134,38931,ゾイサイト,2026-08-07 13:40:27
Gaia,135,29419,ネオイシュガルディアン・マナトリガー,2026-08-07 13:40:27
Gaia,136,23027,キャシーバルブ,2026-08-07 13:40:27
Gaia,137,12872,オーケアニスの卵,2026-08-07 13:40:27
Gaia,138,9376,アラグの魔触媒,2026-08-07 13:40:27
Gaia,139,46245,シンビーバー,2026-08-07 13:40:27
Gaia,140,46095,トライヨラ・スクリーン,2026-08-07 13:40:27
Gaia,141,48096,フォーチュンカロット,2026-08-07 13:40:27
Gaia,142,44010,ピンクベリル,2026-08-07 13:40:27
Gaia,143,49307,コートリーラヴァー・アタッカーイヤリング,2026-08-07 13:40:27
Gaia,144,37373,イミテーション・クルザンウィンドウ,2026-08-07 13:40:27
Gaia,145,49292,コートリーラヴァー・スカウトシャツ,2026-08-07 13:40:27
Gaia,146,46196,ゴンドラルーヴァー,2026-08-07 13:40:27
Gaia,147,34091,ガジャコーデックス,2026-08-07 13:40:27
Gaia,148,26803,ハシビロコウ,2026-08-07 13:40:27
Gaia,149,46785,マメット・フェオ＝ウル,2026-08-07 13:40:27
Gaia,150,49323,コートリーラヴァー・レンジャーリング,2026-08-07 13:40:27
Gaia,151,42337,ロネークサージ・レンジャーハーフグローブ,2026-08-07 13:40:27
Gaia,152,43725,御使いの母,2026-08-07 13:40:27
Gaia,153,39631,ディアドコス・ナックル,2026-08-07 13:40:27
Gaia,154,39378,シンプルローテーブル,2026-08-07 13:40:27
Gaia,155,37770,リナシータ・スレイヤーポレイン,2026-08-07 13:40:27
Gaia,156,24490,天然緑水晶,2026-08-07 13:40:27
Gaia,157,28612,演技教本:斜め立ち,2026-08-07 13:40:27
Gaia,158,49227,トライヨラの染料,2026-08-07 13:40:27
Gaia,159,50455,スタイルカタログ:ホログラス,2026-08-07 13:40:27
Gaia,160,12593,星絹布,2026-08-07 13:40:27
Gaia,161,12518,ミスライトナゲット,2026-08-07 13:40:27
Gaia,162,33691,アントイーター,2026-08-07 13:40:27
Gaia,163,30263,オーケストリオン譜:不穏の淵,2026-08-07 13:40:27
Gaia,164,39666,ディアドコス・レンジャージャケット,2026-08-07 13:40:27
Gaia,165,49300,コートリーラヴァー・ヒーラーシューズ,2026-08-07 13:40:27
Gaia,166,2002,エルムクルーク,2026-08-07 13:40:27
Gaia,167,35051,クラシカルセクトール・ロリカ,2026-08-07 13:40:27
Gaia,168,49282,コートリーラヴァー・ストライカークローク,2026-08-07 13:40:27
Gaia,169,47964,タイニーヤーン,2026-08-07 13:40:27
Gaia,170,35578,ロフトベッド,2026-08-07 13:40:27
Gaia,171,42043,マウンテンリネン・キャスタークローク,2026-08-07 13:40:27
Gaia,172,33240,アクアマトン,2026-08-07 13:40:27
Gaia,173,41776,博識のハイアルテマテリジャ,2026-08-07 13:40:27
Gaia,174,46195,ジャイアントスネークヘッド,2026-08-07 13:40:27
Gaia,175,33295,シュラウド・ガゼボ,2026-08-07 13:40:27
Gaia,176,29435,ネオイシュガルディアン・ストライカートップス,2026-08-07 13:40:27
Gaia,177,35974,マメット・アニマ,2026-08-07 13:40:27
Gaia,178,21063,ウーパールーパー,2026-08-07 13:40:27
Gaia,179,41467,葉っぱの傘,2026-08-07 13:40:27
Gaia,180,32859,マジックプリズム:ボムヘッド,2026-08-07 13:40:27
Gaia,181,26736,魔匠のエクスマテリジャ,2026-08-07 13:40:27
Gaia,182,5484,クラブオイル,2026-08-07 13:40:27
Gaia,183,49228,イヨラエキス,2026-08-07 13:40:27
Gaia,184,4850,蜂蜜,2026-08-07 13:40:27
Gaia,185,28980,天然黄水晶,2026-08-07 13:40:27
Gaia,186,13115,カララント:ジェットブラック,2026-08-07 13:40:27
Gaia,187,27273,マーブルアーチパーティション,2026-08-07 13:40:27
Gaia,188,14095,マメット・リヴァイアサン,2026-08-07 13:40:27
Gaia,189,46111,シュラウド・フリーパーティションドア,2026-08-07 13:40:27
Gaia,190,12592,キマイラフェルト,2026-08-07 13:40:27
Gaia,191,34257,ハイダリウム・スレイヤーガントレット,2026-08-07 13:40:27
Gaia,192,42172,コバルトタングステン・スレイヤーベスト,2026-08-07 13:40:27
Gaia,193,46848,松明,2026-08-07 13:40:27
Gaia,194,49288,コートリーラヴァー・レンジャーハーフグローブ,2026-08-07 13:40:27
Gaia,195,44261,スタイルカタログ:クラシックグラス,2026-08-07 13:40:27
Gaia,196,46834,ネコ荷車の角笛,2026-08-07 13:40:27
Gaia,197,10395,サベネアンタイツ,2026-08-07 13:40:27
Gaia,198,39387,クラシックウォーターポット,2026-08-07 13:40:27
Gaia,199,38602,シラディン・サイドテーブル,2026-08-07 13:40:27
Gaia,200,28917,ウフィティホルン,2026-08-07 13:40:27
Mana,1,36855,チワワン,2026-08-07 13:40:27
Mana,2,36252,アミノドンレザー,2026-08-07 13:40:27
Mana,3,33920,雄略のオメガマテリジャ,2026-08-07 13:40:27
Mana,4,35812,カフェ・コテージウォール,2026-08-07 13:40:27
Mana,5,46785,マメット・フェオ＝ウル,2026-08-07 13:40:27
Mana,6,36357,オーケストリオン譜:縛めの鎖,2026-08-07 13:40:27
Mana,7,49800,ウィンディ・ダトニオ,2026-08-07 13:40:27
Mana,8,12242,古ぼけた地図G7,2026-08-07 13:40:27
Mana,9,25867,ダイアスポアキャスターリング,2026-08-07 13:40:27
Mana,10,15820,オーケストリオン譜:混沌の渦動,2026-08-07 13:40:27
Mana,11,49828,クレセントマギ・ファイターブレスレット,2026-08-07 13:40:27
Mana,12,34240,マウンテンチキングリモア,2026-08-07 13:40:27
Mana,13,49263,コートリーラヴァー・レイピア,2026-08-07 13:40:27
Mana,14,42299,ゴールドチタン・クロー,2026-08-07 13:40:27
Mana,15,49223,絶縁塗料,2026-08-07 13:40:27
Mana,16,51272,ルインド・アクアダクト,2026-08-07 13:40:27
Mana,17,10034,エンペラーズ・ニューグローブ,2026-08-07 13:40:27
Mana,18,12630,竜族の血,2026-08-07 13:40:27
Mana,19,12769,ジャウー,2026-08-07 13:40:27
Mana,20,46855,人造ダークマターα,2026-08-07 13:40:27
Mana,21,44848,高濃縮錬金薬,2026-08-07 13:40:27
Mana,22,30874,サンドフォックス,2026-08-07 13:40:27
Mana,23,22579,ウソウソベンチ,2026-08-07 13:40:27
Mana,24,23802,羅刹眼帯【弓士】,2026-08-07 13:40:27
Mana,25,28984,首席奏者のトランペット,2026-08-07 13:40:27
Mana,26,35575,イミテーション・ウッドルーフウィンドウ,2026-08-07 13:40:27
Mana,27,30389,ステージカーテン,2026-08-07 13:40:27
Mana,28,39682,ディアドコス・キャスターアームレット,2026-08-07 13:40:27
Mana,29,49297,コートリーラヴァー・ヒーラーバトルドレス,2026-08-07 13:40:27
Mana,30,42175,ブラーシャ・スレイヤーサイブーツ,2026-08-07 13:40:27
Mana,31,39389,アラガンターミナル Type:β,2026-08-07 13:40:27
Mana,32,49835,クレセントマギ・マスターソーサラーリング,2026-08-07 13:40:27
Mana,33,15922,ムーンファイアベスト,2026-08-07 13:40:27
Mana,34,49311,コートリーラヴァー・ディフェンダーチョーカー,2026-08-07 13:40:27
Mana,35,19939,ハイスチールナゲット,2026-08-07 13:40:27
Mana,36,5504,魚にかわ,2026-08-07 13:40:27
Mana,37,7040,ベラフディアンガラス,2026-08-07 13:40:27
Mana,38,44120,ヴァーティカル・ネオンウォールライト,2026-08-07 13:40:27
Mana,39,36414,ラヴィリンソス・ティラピア,2026-08-07 13:40:27
Mana,40,28964,モーグリチェア,2026-08-07 13:40:27
Mana,41,19957,輝水鉛鉱,2026-08-07 13:40:27
Mana,42,52278,ピューニィメイジ,2026-08-07 13:40:27
Mana,43,50302,コスモパワードスーツ,2026-08-07 13:40:27
Mana,44,37755,リナシータ・サムライブレード,2026-08-07 13:40:27
Mana,45,44035,黄金の霊砂,2026-08-07 13:40:27
Mana,46,36243,マウンテンチキンの粗皮,2026-08-07 13:40:27
Mana,47,15926,ムーンファイアタンガ,2026-08-07 13:40:27
Mana,48,52295,演技教本:後ろを振り返る,2026-08-07 13:40:27
Mana,49,8166,サベネアの野菜,2026-08-07 13:40:27
Mana,50,12880,ハイランド小麦,2026-08-07 13:40:27
Mana,51,44032,ロネークサージ,2026-08-07 13:40:27
Mana,52,49303,コートリーラヴァー・キャスターグローブ,2026-08-07 13:40:27
Mana,53,1996,ケーン,2026-08-07 13:40:27
Mana,54,14295,古びた譜面:白銀の凶鳥、飛翔せり,2026-08-07 13:40:27
Mana,55,33124,オーケストリオン譜:合わないピース,2026-08-07 13:40:27
Mana,56,13001,シバルリー・ヒーラーダブレット,2026-08-07 13:40:27
Mana,57,23356,パゴスボレロ,2026-08-07 13:40:27
Mana,58,12243,古ぼけた地図G8,2026-08-07 13:40:27
Mana,59,36172,コンドライトインゴット,2026-08-07 13:40:27
Mana,60,44329,古びた譜面:レゾンデートル,2026-08-07 13:40:27
Mana,61,9359,プラチナナゲット,2026-08-07 13:40:27
Mana,62,35026,クラシカル・グレートソード,2026-08-07 13:40:27
Mana,63,42145,コバルトタングステン・ナックル,2026-08-07 13:40:27
Mana,64,3260,ヴァンヤキャスターローブ,2026-08-07 13:40:27
Mana,65,52289,アンティーク・ランタン,2026-08-07 13:40:27
Mana,66,46188,ゴールデンイール,2026-08-07 13:40:27
Mana,67,33918,天眼のオメガマテリジャ,2026-08-07 13:40:27
Mana,68,50435,コスモフェイス認証鍵,2026-08-07 13:40:27
Mana,69,46852,ウトォーム隕鉄,2026-08-07 13:40:27
Mana,70,28624,ドマキン,2026-08-07 13:40:27
Mana,71,29682,ホワイトスクリーン,2026-08-07 13:40:27
Mana,72,12576,ドラゴンの牙,2026-08-07 13:40:27
Mana,73,49239,ナチョス,2026-08-07 13:40:27
Mana,74,40625,クッキーアソート,2026-08-07 13:40:27
Mana,75,5506,黒にかわ,2026-08-07 13:40:27
Mana,76,47893,リックス・フィンガレスグローブ,2026-08-07 13:40:27
Mana,77,4767,ラプトルのモモ肉,2026-08-07 13:40:27
Mana,78,14149,イコンアロイインゴット,2026-08-07 13:40:27
Mana,79,41407,ヒファロサウルス,2026-08-07 13:40:27
Mana,80,41771,天眼のハイアルテマテリジャ,2026-08-07 13:40:27
Mana,81,49310,コートリーラヴァー・キャスターイヤリング,2026-08-07 13:40:27
Mana,82,8291,サファイアチョーカー,2026-08-07 13:40:27
Mana,83,6347,ラノシアン・ウッドコテージ・ルーフ,2026-08-07 13:40:27
Mana,84,49302,コートリーラヴァー・キャスターバトルドレス,2026-08-07 13:40:27
Mana,85,42029,ハンマーヘッドダイル・レンジャーアームガード,2026-08-07 13:40:27
Mana,86,6005,チョコチョコボ,2026-08-07 13:40:27
Mana,87,14869,ウラエウスコート,2026-08-07 13:40:27
Mana,88,32943,心力の幻水G4,2026-08-07 13:40:27
Mana,89,51262,エバーキープ・モニター,2026-08-07 13:40:27
Mana,90,49277,コートリーラヴァー・スレイヤーサーコート,2026-08-07 13:40:27
Mana,91,27285,クリスタリウムキッチンハンガー,2026-08-07 13:40:27
Mana,92,15439,マジックバケツ,2026-08-07 13:40:27
Mana,93,5371,ウォルナット材,2026-08-07 13:40:27
Mana,94,46136,オーケストリオン譜:リメンバランス,2026-08-07 13:40:27
Mana,95,33118,オーケストリオン譜:消せない約束,2026-08-07 13:40:27
Mana,96,20310,イミテーション・オブロングウィンドウ,2026-08-07 13:40:27
Mana,97,52440,ヘアカタログ:ブレイドバン,2026-08-07 13:40:27
Mana,98,35582,イル・メグ・ガーデンファウンテン,2026-08-07 13:40:27
Mana,99,48156,スタイルカタログ:グラデーションフレームグラス,2026-08-07 13:40:27
Mana,100,41890,シルバリオ・キャスターフィンガレスグローブ,2026-08-07 13:40:27
Mana,101,46185,古ぼけた地図G18,2026-08-07 13:40:27
Mana,102,49255,コートリーラヴァー・セプター,2026-08-07 13:40:27
Mana,103,41991,ルテニウム・トンファー,2026-08-07 13:40:27
Mana,104,39591,古ぼけた地図G15,2026-08-07 13:40:27
Mana,105,27717,虹結晶材,2026-08-07 13:40:27
Mana,106,52333,オーケストリオン譜:最後の闘い（FINAL FANTASY V）,2026-08-07 13:40:27
Mana,107,6209,ミニマンドラゴラ,2026-08-07 13:40:27
Mana,108,5477,シルバーエンチャントインク,2026-08-07 13:40:27
Mana,109,5365,バンブー材,2026-08-07 13:40:27
Mana,110,28724,クラフターの製図用紙,2026-08-07 13:40:27
Mana,111,49308,コートリーラヴァー・レンジャーイヤリング,2026-08-07 13:40:27
Mana,112,39504,防滴システム,2026-08-07 13:40:27
Mana,113,12584,アストラルバーチ材,2026-08-07 13:40:27
Mana,114,26798,マメット・オメガM,2026-08-07 13:40:27
Mana,115,43783,ハーレクインランサー,2026-08-07 13:40:27
Mana,116,41769,詠唱のハイオメガマテリジャ,2026-08-07 13:40:27
Mana,117,15556,レヴィン・サンダーストライク,2026-08-07 13:40:27
Mana,118,49797,スネナマズ,2026-08-07 13:40:27
Mana,119,49212,ガーデン・ソフトウォーター,2026-08-07 13:40:27
Mana,120,49287,コートリーラヴァー・レンジャーシャツ,2026-08-07 13:40:27
Mana,121,15959,MGエンタープライズ級飛空艇,2026-08-07 13:40:27
Mana,122,7970,ウォールプランター,2026-08-07 13:40:27
Mana,123,51263,エバーキープ・ステレオ,2026-08-07 13:40:27
Mana,124,23347,パゴス帯の天然水,2026-08-07 13:40:27
Mana,125,10816,グリフィンレンジャーグローブ,2026-08-07 13:40:27
Mana,126,36194,インテグラル原木,2026-08-07 13:40:27
Mana,127,50327,ヘアカタログ:ガイウス,2026-08-07 13:40:27
Mana,128,42183,ブラーシャ・レンジャーアームレット,2026-08-07 13:40:27
Mana,129,13114,カララント:ピュアホワイト,2026-08-07 13:40:27
Mana,130,23888,ガラスボトルセット,2026-08-07 13:40:27
Mana,131,13757,ドマグラスの苗,2026-08-07 13:40:27
Mana,132,50303,コスモアドミラル・ヘルム,2026-08-07 13:40:27
Mana,133,12894,サワークリーム,2026-08-07 13:40:27
Mana,134,49320,コートリーラヴァー・キャスターリストレット,2026-08-07 13:40:27
Mana,135,52264,クワイエット・コリブリ・ホイッスル,2026-08-07 13:40:27
Mana,136,42173,ブラーシャ・スレイヤーアームレット,2026-08-07 13:40:27
Mana,137,41837,オルコクロマイト・フィスト,2026-08-07 13:40:27
Mana,138,41817,スロッピーチェア,2026-08-07 13:40:27
Mana,139,1895,アッシュショートボウ,2026-08-07 13:40:27
Mana,140,21879,チューリップ:グリーン,2026-08-07 13:40:27
Mana,141,13116,カララント:シャインシルバー,2026-08-07 13:40:27
Mana,142,19986,マンザシリの毛,2026-08-07 13:40:27
Mana,143,38931,ゾイサイト,2026-08-07 13:40:27
Mana,144,29419,ネオイシュガルディアン・マナトリガー,2026-08-07 13:40:27
Mana,145,23027,キャシーバルブ,2026-08-07 13:40:27
Mana,146,12872,オーケアニスの卵,2026-08-07 13:40:27
Mana,147,9376,アラグの魔触媒,2026-08-07 13:40:27
Mana,148,46245,シンビーバー,2026-08-07 13:40:27
Mana,149,46095,トライヨラ・スクリーン,2026-08-07 13:40:27
Mana,150,48096,フォーチュンカロット,2026-08-07 13:40:27
Mana,151,44010,ピンクベリル,2026-08-07 13:40:27
Mana,152,49307,コートリーラヴァー・アタッカーイヤリング,2026-08-07 13:40:27
Mana,153,37373,イミテーション・クルザンウィンドウ,2026-08-07 13:40:27
Mana,154,49292,コートリーラヴァー・スカウトシャツ,2026-08-07 13:40:27
Mana,155,46196,ゴンドラルーヴァー,2026-08-07 13:40:27
Mana,156,34091,ガジャコーデックス,2026-08-07 13:40:27
Mana,157,26803,ハシビロコウ,2026-08-07 13:40:27
Mana,158,49323,コートリーラヴァー・レンジャーリング,2026-08-07 13:40:27
Mana,159,42337,ロネークサージ・レンジャーハーフグローブ,2026-08-07 13:40:27
Mana,160,43725,御使いの母,2026-08-07 13:40:27
Mana,161,39631,ディアドコス・ナックル,2026-08-07 13:40:27
Mana,162,39378,シンプルローテーブル,2026-08-07 13:40:27
Mana,163,37770,リナシータ・スレイヤーポレイン,2026-08-07 13:40:27
Mana,164,24490,天然緑水晶,2026-08-07 13:40:27
Mana,165,28612,演技教本:斜め立ち,2026-08-07 13:40:27
Mana,166,49227,トライヨラの染料,2026-08-07 13:40:27
Mana,167,50455,スタイルカタログ:ホログラス,2026-08-07 13:40:27
Mana,168,12593,星絹布,2026-08-07 13:40:27
Mana,169,12518,ミスライトナゲット,2026-08-07 13:40:27
Mana,170,33691,アントイーター,2026-08-07 13:40:27
Mana,171,30263,オーケストリオン譜:不穏の淵,2026-08-07 13:40:27
Mana,172,39666,ディアドコス・レンジャージャケット,2026-08-07 13:40:27
Mana,173,49300,コートリーラヴァー・ヒーラーシューズ,2026-08-07 13:40:27
Mana,174,2002,エルムクルーク,2026-08-07 13:40:27
Mana,175,35051,クラシカルセクトール・ロリカ,2026-08-07 13:40:27
Mana,176,49282,コートリーラヴァー・ストライカークローク,2026-08-07 13:40:27
Mana,177,47964,タイニーヤーン,2026-08-07 13:40:27
Mana,178,35578,ロフトベッド,2026-08-07 13:40:27
Mana,179,42043,マウンテンリネン・キャスタークローク,2026-08-07 13:40:27
Mana,180,33240,アクアマトン,2026-08-07 13:40:27
Mana,181,41776,博識のハイアルテマテリジャ,2026-08-07 13:40:27
Mana,182,46195,ジャイアントスネークヘッド,2026-08-07 13:40:27
Mana,183,33295,シュラウド・ガゼボ,2026-08-07 13:40:27
Mana,184,29435,ネオイシュガルディアン・ストライカートップス,2026-08-07 13:40:27
Mana,185,35974,マメット・アニマ,2026-08-07 13:40:27
Mana,186,21063,ウーパールーパー,2026-08-07 13:40:27
Mana,187,41467,葉っぱの傘,2026-08-07 13:40:27
Mana,188,32859,マジックプリズム:ボムヘッド,2026-08-07 13:40:27
Mana,189,26736,魔匠のエクスマテリジャ,2026-08-07 13:40:27
Mana,190,5484,クラブオイル,2026-08-07 13:40:27
Mana,191,49228,イヨラエキス,2026-08-07 13:40:27
Mana,192,4850,蜂蜜,2026-08-07 13:40:27
Mana,193,28980,天然黄水晶,2026-08-07 13:40:27
Mana,194,13115,カララント:ジェットブラック,2026-08-07 13:40:27
Mana,195,27273,マーブルアーチパーティション,2026-08-07 13:40:27
Mana,196,14095,マメット・リヴァイアサン,2026-08-07 13:40:27
Mana,197,46111,シュラウド・フリーパーティションドア,2026-08-07 13:40:27
Mana,198,12592,キマイラフェルト,2026-08-07 13:40:27
Mana,199,34257,ハイダリウム・スレイヤーガントレット,2026-08-07 13:40:27
Mana,200,42172,コバルトタングステン・スレイヤーベスト,2026-08-07 13:40:27
Meteor,1,46825,スペースダルメル・ホイッスル,2026-08-07 13:40:27
Meteor,2,49298,コートリーラヴァー・ヒーラーグローブ,2026-08-07 13:40:27
Meteor,3,44009,イフイカナイト,2026-08-07 13:40:27
Meteor,4,32858,ゴールデンビーバー,2026-08-07 13:40:27
Meteor,5,51952,トゥール・チュニック,2026-08-07 13:40:27
Meteor,6,10396,サベネアンサンダル,2026-08-07 13:40:27
Meteor,7,49309,コートリーラヴァー・ヒーラーイヤリング,2026-08-07 13:40:27
Meteor,8,6477,ラノシアン・アイランドパーム,2026-08-07 13:40:27
Meteor,9,49273,コートリーラヴァー・ディフェンダーガントレット,2026-08-07 13:40:27
Meteor,10,22555,シュラウド・パーティションドア,2026-08-07 13:40:27
Meteor,11,33114,オーケストリオン譜:復活の女王,2026-08-07 13:40:27
Meteor,12,20544,マメット・クロ,2026-08-07 13:40:27
Meteor,13,43687,ホドホド,2026-08-07 13:40:27
Meteor,14,18998,トゥルーグリフィン・ストライカーチェストピース,2026-08-07 13:40:27
Meteor,15,28969,カードボードボックス,2026-08-07 13:40:27
Meteor,16,36855,チワワン,2026-08-07 13:40:27
Meteor,17,36252,アミノドンレザー,2026-08-07 13:40:27
Meteor,18,33920,雄略のオメガマテリジャ,2026-08-07 13:40:27
Meteor,19,35812,カフェ・コテージウォール,2026-08-07 13:40:27
Meteor,20,46785,マメット・フェオ＝ウル,2026-08-07 13:40:27
Meteor,21,36357,オーケストリオン譜:縛めの鎖,2026-08-07 13:40:27
Meteor,22,49800,ウィンディ・ダトニオ,2026-08-07 13:40:27
Meteor,23,12242,古ぼけた地図G7,2026-08-07 13:40:27
Meteor,24,25867,ダイアスポアキャスターリング,2026-08-07 13:40:27
Meteor,25,15820,オーケストリオン譜:混沌の渦動,2026-08-07 13:40:27
Meteor,26,49828,クレセントマギ・ファイターブレスレット,2026-08-07 13:40:27
Meteor,27,34240,マウンテンチキングリモア,2026-08-07 13:40:27
Meteor,28,49263,コートリーラヴァー・レイピア,2026-08-07 13:40:27
Meteor,29,42299,ゴールドチタン・クロー,2026-08-07 13:40:27
Meteor,30,49223,絶縁塗料,2026-08-07 13:40:27
Meteor,31,51272,ルインド・アクアダクト,2026-08-07 13:40:27
Meteor,32,10034,エンペラーズ・ニューグローブ,2026-08-07 13:40:27
Meteor,33,12630,竜族の血,2026-08-07 13:40:27
Meteor,34,12769,ジャウー,2026-08-07 13:40:27
Meteor,35,46855,人造ダークマターα,2026-08-07 13:40:27
Meteor,36,44848,高濃縮錬金薬,2026-08-07 13:40:27
Meteor,37,30874,サンドフォックス,2026-08-07 13:40:27
Meteor,38,22579,ウソウソベンチ,2026-08-07 13:40:27
Meteor,39,23802,羅刹眼帯【弓士】,2026-08-07 13:40:27
Meteor,40,28984,首席奏者のトランペット,2026-08-07 13:40:27
Meteor,41,35575,イミテーション・ウッドルーフウィンドウ,2026-08-07 13:40:27
Meteor,42,30389,ステージカーテン,2026-08-07 13:40:27
Meteor,43,39682,ディアドコス・キャスターアームレット,2026-08-07 13:40:27
Meteor,44,49297,コートリーラヴァー・ヒーラーバトルドレス,2026-08-07 13:40:27
Meteor,45,42175,ブラーシャ・スレイヤーサイブーツ,2026-08-07 13:40:27
Meteor,46,39389,アラガンターミナル Type:β,2026-08-07 13:40:27
Meteor,47,49835,クレセントマギ・マスターソーサラーリング,2026-08-07 13:40:27
Meteor,48,15922,ムーンファイアベスト,2026-08-07 13:40:27
Meteor,49,49311,コートリーラヴァー・ディフェンダーチョーカー,2026-08-07 13:40:27
Meteor,50,19939,ハイスチールナゲット,2026-08-07 13:40:27
Meteor,51,5504,魚にかわ,2026-08-07 13:40:27
Meteor,52,7040,ベラフディアンガラス,2026-08-07 13:40:27
Meteor,53,44120,ヴァーティカル・ネオンウォールライト,2026-08-07 13:40:27
Meteor,54,36414,ラヴィリンソス・ティラピア,2026-08-07 13:40:27
Meteor,55,28964,モーグリチェア,2026-08-07 13:40:27
Meteor,56,19957,輝水鉛鉱,2026-08-07 13:40:27
Meteor,57,52278,ピューニィメイジ,2026-08-07 13:40:27
Meteor,58,50302,コスモパワードスーツ,2026-08-07 13:40:27
Meteor,59,37755,リナシータ・サムライブレード,2026-08-07 13:40:27
Meteor,60,44035,黄金の霊砂,2026-08-07 13:40:27
Meteor,61,36243,マウンテンチキンの粗皮,2026-08-07 13:40:27
Meteor,62,15926,ムーンファイアタンガ,2026-08-07 13:40:27
Meteor,63,52295,演技教本:後ろを振り返る,2026-08-07 13:40:27
Meteor,64,8166,サベネアの野菜,2026-08-07 13:40:27
Meteor,65,12880,ハイランド小麦,2026-08-07 13:40:27
Meteor,66,44032,ロネークサージ,2026-08-07 13:40:27
Meteor,67,49303,コートリーラヴァー・キャスターグローブ,2026-08-07 13:40:27
Meteor,68,1996,ケーン,2026-08-07 13:40:27
Meteor,69,14295,古びた譜面:白銀の凶鳥、飛翔せり,2026-08-07 13:40:27
Meteor,70,33124,オーケストリオン譜:合わないピース,2026-08-07 13:40:27
Meteor,71,13001,シバルリー・ヒーラーダブレット,2026-08-07 13:40:27
Meteor,72,23356,パゴスボレロ,2026-08-07 13:40:27
Meteor,73,12243,古ぼけた地図G8,2026-08-07 13:40:27
Meteor,74,36172,コンドライトインゴット,2026-08-07 13:40:27
Meteor,75,44329,古びた譜面:レゾンデートル,2026-08-07 13:40:27
Meteor,76,9359,プラチナナゲット,2026-08-07 13:40:27
Meteor,77,35026,クラシカル・グレートソード,2026-08-07 13:40:27
Meteor,78,42145,コバルトタングステン・ナックル,2026-08-07 13:40:27
Meteor,79,3260,ヴァンヤキャスターローブ,2026-08-07 13:40:27
Meteor,80,52289,アンティーク・ランタン,2026-08-07 13:40:27
Meteor,81,46188,ゴールデンイール,2026-08-07 13:40:27
Meteor,82,33918,天眼のオメガマテリジャ,2026-08-07 13:40:27
Meteor,83,50435,コスモフェイス認証鍵,2026-08-07 13:40:27
Meteor,84,46852,ウトォーム隕鉄,2026-08-07 13:40:27
Meteor,85,28624,ドマキン,2026-08-07 13:40:27
Meteor,86,29682,ホワイトスクリーン,2026-08-07 13:40:27
Meteor,87,12576,ドラゴンの牙,2026-08-07 13:40:27
Meteor,88,49239,ナチョス,2026-08-07 13:40:27
Meteor,89,40625,クッキーアソート,2026-08-07 13:40:27
Meteor,90,5506,黒にかわ,2026-08-07 13:40:27
Meteor,91,47893,リックス・フィンガレスグローブ,2026-08-07 13:40:27
Meteor,92,4767,ラプトルのモモ肉,2026-08-07 13:40:27
Meteor,93,14149,イコンアロイインゴット,2026-08-07 13:40:27
Meteor,94,41407,ヒファロサウルス,2026-08-07 13:40:27
Meteor,95,41771,天眼のハイアルテマテリジャ,2026-08-07 13:40:27
Meteor,96,49310,コートリーラヴァー・キャスターイヤリング,2026-08-07 13:40:27
Meteor,97,8291,サファイアチョーカー,2026-08-07 13:40:27
Meteor,98,6347,ラノシアン・ウッドコテージ・ルーフ,2026-08-07 13:40:27
Meteor,99,49302,コートリーラヴァー・キャスターバトルドレス,2026-08-07 13:40:27
Meteor,100,42029,ハンマーヘッドダイル・レンジャーアームガード,2026-08-07 13:40:27
Meteor,101,6005,チョコチョコボ,2026-08-07 13:40:27
Meteor,102,14869,ウラエウスコート,2026-08-07 13:40:27
Meteor,103,32943,心力の幻水G4,2026-08-07 13:40:27
Meteor,104,51262,エバーキープ・モニター,2026-08-07 13:40:27
Meteor,105,49277,コートリーラヴァー・スレイヤーサーコート,2026-08-07 13:40:27
Meteor,106,27285,クリスタリウムキッチンハンガー,2026-08-07 13:40:27
Meteor,107,15439,マジックバケツ,2026-08-07 13:40:27
Meteor,108,5371,ウォルナット材,2026-08-07 13:40:27
Meteor,109,46136,オーケストリオン譜:リメンバランス,2026-08-07 13:40:27
Meteor,110,33118,オーケストリオン譜:消せない約束,2026-08-07 13:40:27
Meteor,111,20310,イミテーション・オブロングウィンドウ,2026-08-07 13:40:27
Meteor,112,52440,ヘアカタログ:ブレイドバン,2026-08-07 13:40:27
Meteor,113,35582,イル・メグ・ガーデンファウンテン,2026-08-07 13:40:27
Meteor,114,48156,スタイルカタログ:グラデーションフレームグラス,2026-08-07 13:40:27
Meteor,115,41890,シルバリオ・キャスターフィンガレスグローブ,2026-08-07 13:40:27
Meteor,116,46185,古ぼけた地図G18,2026-08-07 13:40:27
Meteor,117,49255,コートリーラヴァー・セプター,2026-08-07 13:40:27
Meteor,118,41991,ルテニウム・トンファー,2026-08-07 13:40:27
Meteor,119,39591,古ぼけた地図G15,2026-08-07 13:40:27
Meteor,120,27717,虹結晶材,2026-08-07 13:40:27
Meteor,121,52333,オーケストリオン譜:最後の闘い（FINAL FANTASY V）,2026-08-07 13:40:27
Meteor,122,6209,ミニマンドラゴラ,2026-08-07 13:40:27
Meteor,123,5477,シルバーエンチャントインク,2026-08-07 13:40:27
Meteor,124,5365,バンブー材,2026-08-07 13:40:27
Meteor,125,28724,クラフターの製図用紙,2026-08-07 13:40:27
Meteor,126,49308,コートリーラヴァー・レンジャーイヤリング,2026-08-07 13:40:27
Meteor,127,39504,防滴システム,2026-08-07 13:40:27
Meteor,128,12584,アストラルバーチ材,2026-08-07 13:40:27
Meteor,129,26798,マメット・オメガM,2026-08-07 13:40:27
Meteor,130,43783,ハーレクインランサー,2026-08-07 13:40:27
Meteor,131,41769,詠唱のハイオメガマテリジャ,2026-08-07 13:40:27
Meteor,132,15556,レヴィン・サンダーストライク,2026-08-07 13:40:27
Meteor,133,49797,スネナマズ,2026-08-07 13:40:27
Meteor,134,49212,ガーデン・ソフトウォーター,2026-08-07 13:40:27
Meteor,135,49287,コートリーラヴァー・レンジャーシャツ,2026-08-07 13:40:27
Meteor,136,15959,MGエンタープライズ級飛空艇,2026-08-07 13:40:27
Meteor,137,7970,ウォールプランター,2026-08-07 13:40:27
Meteor,138,51263,エバーキープ・ステレオ,2026-08-07 13:40:27
Meteor,139,23347,パゴス帯の天然水,2026-08-07 13:40:27
Meteor,140,10816,グリフィンレンジャーグローブ,2026-08-07 13:40:27
Meteor,141,36194,インテグラル原木,2026-08-07 13:40:27
Meteor,142,50327,ヘアカタログ:ガイウス,2026-08-07 13:40:27
Meteor,143,42183,ブラーシャ・レンジャーアームレット,2026-08-07 13:40:27
Meteor,144,13114,カララント:ピュアホワイト,2026-08-07 13:40:27
Meteor,145,23888,ガラスボトルセット,2026-08-07 13:40:27
Meteor,146,13757,ドマグラスの苗,2026-08-07 13:40:27
Meteor,147,50303,コスモアドミラル・ヘルム,2026-08-07 13:40:27
Meteor,148,12894,サワークリーム,2026-08-07 13:40:27
Meteor,149,49320,コートリーラヴァー・キャスターリストレット,2026-08-07 13:40:27
Meteor,150,52264,クワイエット・コリブリ・ホイッスル,2026-08-07 13:40:27
Meteor,151,42173,ブラーシャ・スレイヤーアームレット,2026-08-07 13:40:27
Meteor,152,41837,オルコクロマイト・フィスト,2026-08-07 13:40:27
Meteor,153,41817,スロッピーチェア,2026-08-07 13:40:27
Meteor,154,1895,アッシュショートボウ,2026-08-07 13:40:27
Meteor,155,21879,チューリップ:グリーン,2026-08-07 13:40:27
Meteor,156,13116,カララント:シャインシルバー,2026-08-07 13:40:27
Meteor,157,19986,マンザシリの毛,2026-08-07 13:40:27
Meteor,158,38931,ゾイサイト,2026-08-07 13:40:27
Meteor,159,29419,ネオイシュガルディアン・マナトリガー,2026-08-07 13:40:27
Meteor,160,23027,キャシーバルブ,2026-08-07 13:40:27
Meteor,161,12872,オーケアニスの卵,2026-08-07 13:40:27
Meteor,162,9376,アラグの魔触媒,2026-08-07 13:40:27
Meteor,163,46245,シンビーバー,2026-08-07 13:40:27
Meteor,164,46095,トライヨラ・スクリーン,2026-08-07 13:40:27
Meteor,165,48096,フォーチュンカロット,2026-08-07 13:40:27
Meteor,166,44010,ピンクベリル,2026-08-07 13:40:27
Meteor,167,49307,コートリーラヴァー・アタッカーイヤリング,2026-08-07 13:40:27
Meteor,168,37373,イミテーション・クルザンウィンドウ,2026-08-07 13:40:27
Meteor,169,49292,コートリーラヴァー・スカウトシャツ,2026-08-07 13:40:27
Meteor,170,46196,ゴンドラルーヴァー,2026-08-07 13:40:27
Meteor,171,34091,ガジャコーデックス,2026-08-07 13:40:27
Meteor,172,26803,ハシビロコウ,2026-08-07 13:40:27
Meteor,173,49323,コートリーラヴァー・レンジャーリング,2026-08-07 13:40:27
Meteor,174,42337,ロネークサージ・レンジャーハーフグローブ,2026-08-07 13:40:27
Meteor,175,43725,御使いの母,2026-08-07 13:40:27
Meteor,176,39631,ディアドコス・ナックル,2026-08-07 13:40:27
Meteor,177,39378,シンプルローテーブル,2026-08-07 13:40:27
Meteor,178,37770,リナシータ・スレイヤーポレイン,2026-08-07 13:40:27
Meteor,179,24490,天然緑水晶,2026-08-07 13:40:27
Meteor,180,28612,演技教本:斜め立ち,2026-08-07 13:40:27
Meteor,181,49227,トライヨラの染料,2026-08-07 13:40:27
Meteor,182,50455,スタイルカタログ:ホログラス,2026-08-07 13:40:27
Meteor,183,12593,星絹布,2026-08-07 13:40:27
Meteor,184,12518,ミスライトナゲット,2026-08-07 13:40:27
Meteor,185,33691,アントイーター,2026-08-07 13:40:27
Meteor,186,30263,オーケストリオン譜:不穏の淵,2026-08-07 13:40:27
Meteor,187,39666,ディアドコス・レンジャージャケット,2026-08-07 13:40:27
Meteor,188,49300,コートリーラヴァー・ヒーラーシューズ,2026-08-07 13:40:27
Meteor,189,2002,エルムクルーク,2026-08-07 13:40:27
Meteor,190,35051,クラシカルセクトール・ロリカ,2026-08-07 13:40:27
Meteor,191,49282,コートリーラヴァー・ストライカークローク,2026-08-07 13:40:27
Meteor,192,47964,タイニーヤーン,2026-08-07 13:40:27
Meteor,193,35578,ロフトベッド,2026-08-07 13:40:27
Meteor,194,42043,マウンテンリネン・キャスタークローク,2026-08-07 13:40:27
Meteor,195,33240,アクアマトン,2026-08-07 13:40:27
Meteor,196,41776,博識のハイアルテマテリジャ,2026-08-07 13:40:27
Meteor,197,46195,ジャイアントスネークヘッド,2026-08-07 13:40:27
Meteor,198,33295,シュラウド・ガゼボ,2026-08-07 13:40:27
Meteor,199,29435,ネオイシュガルディアン・ストライカートップス,2026-08-07 13:40:27
Meteor,200,35974,マメット・アニマ,2026-08-07 13:40:27
